"","Root","Seed","Soil","Stem"
"ASV1",0,1,0,0
"ASV2",1,0,0,1
"ASV4",1,0,1,1
"ASV5",1,0,1,1
"ASV6",0,1,0,0
"ASV7",1,0,0,1
"ASV9",0,1,0,0
"ASV11",0,1,0,0
"ASV12",0,0,0,1
"ASV13",1,0,1,1
"ASV15",0,1,0,0
"ASV16",0,1,0,0
"ASV17",0,0,0,1
"ASV18",0,1,0,0
"ASV19",1,0,1,1
"ASV20",1,0,1,1
"ASV21",1,0,1,1
"ASV22",1,0,1,1
"ASV23",1,0,1,1
"ASV24",1,0,1,1
"ASV25",1,0,1,1
"ASV27",0,0,1,0
"ASV28",0,1,0,0
"ASV29",1,0,0,1
"ASV30",1,0,1,1
"ASV31",0,1,0,0
"ASV33",1,0,1,1
"ASV36",1,0,1,1
"ASV37",0,0,1,0
"ASV38",0,0,0,1
"ASV39",1,0,0,0
"ASV40",0,0,0,1
"ASV41",1,0,0,1
"ASV42",1,0,0,1
"ASV43",0,0,1,0
"ASV44",0,1,0,0
"ASV47",0,1,0,0
"ASV49",0,0,1,1
"ASV52",1,0,0,1
"ASV54",1,0,1,1
"ASV55",1,0,1,1
"ASV58",0,0,1,1
"ASV59",0,0,1,0
"ASV60",1,0,1,1
"ASV62",1,0,1,1
"ASV63",0,0,1,0
"ASV65",0,1,0,0
"ASV66",1,0,1,1
"ASV69",1,0,1,1
"ASV70",0,0,0,1
"ASV71",0,0,0,1
"ASV72",0,1,0,0
"ASV73",1,0,0,1
"ASV74",1,0,1,1
"ASV75",1,0,0,1
"ASV76",1,0,0,1
"ASV77",1,0,1,1
"ASV78",0,1,0,0
"ASV79",0,1,0,0
"ASV80",0,1,0,0
"ASV81",0,1,0,0
"ASV82",1,0,0,1
"ASV83",0,0,0,1
"ASV84",1,0,1,1
"ASV85",0,1,0,0
"ASV86",1,0,1,1
"ASV87",1,0,1,1
"ASV88",0,1,0,0
"ASV89",1,0,0,1
"ASV90",0,0,1,1
"ASV91",0,1,0,0
"ASV92",1,0,1,1
"ASV93",0,0,1,1
"ASV94",1,0,1,1
"ASV95",0,1,0,0
"ASV96",0,1,0,0
"ASV97",0,1,0,0
"ASV98",0,0,1,1
"ASV99",1,0,1,1
"ASV100",1,0,1,1
"ASV102",0,1,0,0
"ASV103",1,0,1,1
"ASV105",0,0,1,0
"ASV106",1,0,1,1
"ASV107",0,0,1,0
"ASV108",0,1,0,0
"ASV109",0,1,0,0
"ASV111",1,0,0,1
"ASV112",1,0,1,0
"ASV113",1,0,1,1
"ASV114",1,0,1,1
"ASV115",1,0,1,1
"ASV116",0,1,0,0
"ASV117",1,0,0,1
"ASV118",0,1,0,0
"ASV119",1,0,1,1
"ASV120",1,0,0,1
"ASV122",1,0,1,1
"ASV124",1,0,0,1
"ASV125",1,0,1,1
"ASV127",1,0,1,1
"ASV129",0,1,0,0
"ASV130",0,0,1,1
"ASV131",1,0,1,0
"ASV132",0,1,0,0
"ASV134",1,0,1,1
"ASV135",1,0,1,0
"ASV136",0,1,0,0
"ASV137",1,0,0,1
"ASV138",1,0,1,1
"ASV140",0,1,0,0
"ASV141",1,0,0,0
"ASV142",0,0,1,0
"ASV143",0,0,0,1
"ASV144",0,0,1,1
"ASV145",1,0,1,1
"ASV146",1,0,1,1
"ASV147",0,0,1,1
"ASV148",1,0,1,1
"ASV149",0,0,1,0
"ASV150",1,0,1,1
"ASV151",0,0,0,1
"ASV152",1,0,0,1
"ASV153",0,1,0,0
"ASV155",1,0,1,1
"ASV156",0,0,0,1
"ASV157",1,0,0,0
"ASV158",1,0,1,1
"ASV160",1,0,1,1
"ASV162",1,0,0,1
"ASV163",0,1,0,0
"ASV164",1,0,1,1
"ASV165",1,0,1,1
"ASV167",0,0,0,1
"ASV168",1,0,1,1
"ASV169",1,0,0,0
"ASV170",1,0,0,1
"ASV171",1,0,1,1
"ASV172",1,0,0,1
"ASV173",0,0,1,0
"ASV174",1,0,1,1
"ASV175",0,0,0,1
"ASV176",1,0,1,1
"ASV177",1,0,0,0
"ASV178",1,0,0,1
"ASV179",1,0,1,1
"ASV181",1,0,0,1
"ASV182",1,0,0,0
"ASV184",0,1,0,0
"ASV185",1,0,0,1
"ASV186",0,1,0,0
"ASV188",0,1,0,0
"ASV189",1,0,1,1
"ASV190",0,1,0,0
"ASV191",1,0,0,1
"ASV192",0,1,0,0
"ASV193",1,0,0,1
"ASV194",1,0,0,1
"ASV195",0,0,1,0
"ASV196",0,0,1,0
"ASV197",0,1,0,0
"ASV198",0,1,0,0
"ASV199",1,0,0,1
"ASV200",1,0,0,1
"ASV203",0,1,0,0
"ASV204",1,0,1,0
"ASV205",0,0,1,0
"ASV206",0,1,0,0
"ASV207",0,1,0,0
"ASV208",1,0,1,1
"ASV209",0,0,1,0
"ASV210",0,0,0,1
"ASV211",1,0,1,1
"ASV212",1,0,1,0
"ASV213",1,1,0,0
"ASV214",1,0,0,1
"ASV216",0,0,0,1
"ASV217",1,0,0,0
"ASV218",1,0,0,1
"ASV219",1,0,0,1
"ASV220",1,0,0,1
"ASV223",0,0,1,0
"ASV224",0,1,0,0
"ASV225",1,0,0,1
"ASV227",1,0,1,1
"ASV228",0,0,1,1
"ASV229",1,0,1,1
"ASV230",0,0,1,0
"ASV231",1,0,0,1
"ASV232",0,0,0,1
"ASV233",1,0,1,1
"ASV235",1,0,1,1
"ASV236",1,0,1,0
"ASV237",0,1,0,0
"ASV239",1,0,0,1
"ASV240",0,0,1,0
"ASV241",1,0,1,1
"ASV242",1,0,0,0
"ASV243",0,0,1,0
"ASV244",1,0,0,0
"ASV245",1,0,0,1
"ASV247",1,0,1,0
"ASV248",1,0,0,1
"ASV250",0,1,0,0
"ASV251",1,1,1,1
"ASV253",1,0,1,1
"ASV254",1,0,1,1
"ASV255",1,0,1,1
"ASV259",1,0,0,1
"ASV260",0,1,0,0
"ASV261",0,0,1,1
"ASV262",0,0,1,0
"ASV263",0,0,1,0
"ASV266",1,0,0,1
"ASV268",1,0,1,1
"ASV269",0,0,1,0
"ASV270",1,0,0,1
"ASV271",0,0,0,1
"ASV273",1,1,1,1
"ASV274",1,0,1,1
"ASV275",1,0,1,1
"ASV276",0,0,0,1
"ASV277",1,0,1,1
"ASV278",1,0,1,1
"ASV284",1,0,1,1
"ASV285",1,0,1,1
"ASV287",1,0,1,1
"ASV288",0,1,0,0
"ASV289",1,0,1,1
"ASV290",1,0,1,1
"ASV291",0,1,0,0
"ASV293",0,1,0,0
"ASV294",0,0,1,1
"ASV296",1,0,1,0
"ASV297",1,0,0,1
"ASV298",0,0,1,1
"ASV300",1,0,0,1
"ASV301",0,1,0,0
"ASV302",1,0,0,1
"ASV304",1,0,0,1
"ASV305",1,0,1,1
"ASV306",1,0,0,1
"ASV307",1,0,0,0
"ASV308",1,0,1,1
"ASV309",1,0,1,1
"ASV311",0,1,0,0
"ASV312",1,0,1,1
"ASV313",1,0,1,1
"ASV314",1,1,1,1
"ASV315",1,0,1,1
"ASV316",0,1,0,0
"ASV317",0,0,0,1
"ASV318",1,0,1,0
"ASV319",1,0,1,1
"ASV320",0,0,1,1
"ASV321",0,1,0,0
"ASV322",1,0,1,1
"ASV324",0,1,0,0
"ASV326",1,0,1,1
"ASV328",0,0,1,0
"ASV329",0,0,1,0
"ASV330",0,1,0,0
"ASV331",1,0,1,1
"ASV332",0,1,0,0
"ASV333",0,0,0,1
"ASV334",1,1,0,1
"ASV335",1,0,0,1
"ASV336",1,0,0,0
"ASV337",1,0,1,1
"ASV340",0,1,0,0
"ASV341",1,0,1,1
"ASV342",1,0,0,1
"ASV344",1,0,1,1
"ASV345",0,0,1,0
"ASV346",0,0,1,0
"ASV348",1,0,1,1
"ASV349",1,0,1,1
"ASV351",0,1,0,0
"ASV352",1,0,0,1
"ASV353",1,0,1,1
"ASV355",1,0,0,0
"ASV356",1,0,1,1
"ASV357",1,0,1,1
"ASV358",1,0,0,1
"ASV359",1,0,1,1
"ASV360",0,1,0,0
"ASV361",1,0,0,0
"ASV362",0,0,0,1
"ASV363",0,0,0,1
"ASV365",1,0,0,1
"ASV367",0,1,0,0
"ASV368",0,1,0,0
"ASV371",0,1,0,0
"ASV372",1,0,1,1
"ASV373",0,1,0,0
"ASV376",1,0,0,0
"ASV377",0,1,0,0
"ASV378",1,0,1,1
"ASV379",0,1,0,0
"ASV380",0,1,0,0
"ASV381",1,0,1,1
"ASV382",0,0,0,1
"ASV383",1,0,1,1
"ASV385",0,0,1,1
"ASV386",0,1,0,0
"ASV387",0,1,0,0
"ASV388",1,0,1,1
"ASV389",1,0,1,1
"ASV390",1,0,1,0
"ASV393",1,0,0,1
"ASV394",0,1,0,0
"ASV395",1,0,0,1
"ASV396",0,1,0,0
"ASV397",1,0,0,1
"ASV398",0,0,1,1
"ASV399",0,1,0,0
"ASV400",0,1,0,0
"ASV401",0,1,0,0
"ASV403",1,0,0,1
"ASV404",1,0,1,1
"ASV405",0,1,0,0
"ASV406",1,0,1,1
"ASV407",1,0,1,1
"ASV408",0,1,0,0
"ASV409",0,1,0,0
"ASV410",0,1,0,0
"ASV411",1,0,0,1
"ASV412",0,0,1,0
"ASV414",1,0,0,1
"ASV416",0,1,0,0
"ASV419",0,1,0,1
"ASV420",0,1,0,0
"ASV423",1,0,0,1
"ASV424",0,0,1,0
"ASV425",1,0,1,0
"ASV426",0,0,1,0
"ASV427",0,1,0,0
"ASV428",1,0,1,1
"ASV429",1,0,1,1
"ASV430",1,0,1,0
"ASV431",1,0,1,1
"ASV432",0,1,0,0
"ASV434",1,0,0,1
"ASV435",1,0,1,1
"ASV436",1,0,0,1
"ASV437",1,0,1,1
"ASV438",0,1,0,0
"ASV439",1,0,1,1
"ASV440",0,0,1,0
"ASV442",0,1,0,0
"ASV444",1,0,1,1
"ASV446",0,1,0,0
"ASV447",0,0,1,0
"ASV448",1,1,0,1
"ASV451",0,1,0,0
"ASV454",0,0,1,1
"ASV455",0,0,0,1
"ASV456",1,0,1,1
"ASV458",0,1,0,1
"ASV459",1,0,1,1
"ASV460",0,0,1,1
"ASV461",0,1,0,0
"ASV462",1,0,0,1
"ASV463",0,0,1,0
"ASV464",1,0,1,1
"ASV465",1,0,0,1
"ASV466",0,0,0,1
"ASV468",0,0,1,0
"ASV469",1,0,0,1
"ASV470",0,0,1,0
"ASV471",0,0,0,1
"ASV472",1,0,0,1
"ASV473",1,0,1,0
"ASV474",1,0,1,1
"ASV477",1,0,0,1
"ASV478",0,0,0,1
"ASV479",0,1,1,1
"ASV480",1,1,0,0
"ASV481",1,0,1,1
"ASV486",0,1,0,0
"ASV488",1,0,0,0
"ASV489",1,0,1,1
"ASV491",0,0,1,0
"ASV493",1,0,1,1
"ASV494",0,1,0,0
"ASV495",0,1,0,0
"ASV497",0,1,0,0
"ASV498",1,0,1,1
"ASV499",0,0,1,0
"ASV500",1,0,0,1
"ASV502",0,1,0,0
"ASV503",0,1,0,0
"ASV504",1,0,1,1
"ASV505",0,0,1,1
"ASV506",0,1,0,0
"ASV507",1,0,1,1
"ASV509",1,0,1,1
"ASV510",1,0,1,0
"ASV511",1,0,1,1
"ASV512",1,0,1,1
"ASV513",1,0,1,0
"ASV514",1,0,1,0
"ASV515",1,0,0,0
"ASV516",1,0,1,0
"ASV517",0,1,0,0
"ASV519",0,1,0,0
"ASV522",1,0,1,1
"ASV523",0,0,0,1
"ASV524",0,1,0,0
"ASV525",1,0,1,0
"ASV526",0,1,0,0
"ASV527",1,0,1,1
"ASV530",0,1,0,0
"ASV531",0,0,1,0
"ASV532",1,0,0,1
"ASV533",1,0,1,1
"ASV534",0,1,0,0
"ASV535",1,0,1,1
"ASV536",1,0,0,1
"ASV539",1,0,1,1
"ASV540",1,0,1,1
"ASV543",1,0,1,1
"ASV544",0,1,0,0
"ASV546",0,1,1,0
"ASV548",0,1,0,0
"ASV549",0,0,1,0
"ASV551",1,0,1,1
"ASV552",1,0,1,1
"ASV554",0,0,1,0
"ASV555",1,0,0,1
"ASV556",1,0,0,1
"ASV558",1,0,1,1
"ASV559",0,1,0,0
"ASV560",0,1,0,0
"ASV561",1,0,0,1
"ASV562",0,1,0,0
"ASV564",0,1,0,0
"ASV566",0,1,0,0
"ASV567",0,1,0,0
"ASV569",0,1,0,0
"ASV570",0,0,1,0
"ASV571",1,0,1,1
"ASV573",1,0,1,1
"ASV574",1,0,1,0
"ASV575",0,0,1,1
"ASV579",1,0,0,1
"ASV581",1,0,1,1
"ASV583",1,0,1,1
"ASV584",1,0,1,1
"ASV585",1,0,1,1
"ASV586",1,0,1,1
"ASV587",1,0,0,1
"ASV589",0,1,0,0
"ASV590",1,0,1,1
"ASV591",0,0,1,0
"ASV592",1,0,0,1
"ASV594",1,0,1,1
"ASV595",0,0,0,1
"ASV597",0,1,0,0
"ASV598",1,0,0,0
"ASV599",1,0,1,1
"ASV600",1,0,1,1
"ASV605",0,1,0,0
"ASV606",0,0,1,0
"ASV607",1,0,1,1
"ASV609",0,1,0,0
"ASV610",1,0,1,0
"ASV611",1,0,0,1
"ASV612",0,1,0,0
"ASV613",1,0,0,0
"ASV615",1,0,1,1
"ASV616",0,0,0,1
"ASV618",1,0,1,1
"ASV621",1,0,0,1
"ASV623",0,1,0,0
"ASV624",1,0,0,0
"ASV625",0,0,0,1
"ASV627",0,1,0,0
"ASV628",0,1,0,0
"ASV629",0,0,1,0
"ASV630",0,1,0,0
"ASV632",0,1,0,0
"ASV633",0,0,0,1
"ASV634",0,1,0,0
"ASV635",1,0,0,1
"ASV636",0,0,1,0
"ASV637",1,0,1,1
"ASV638",0,1,0,0
"ASV639",1,0,1,1
"ASV640",0,1,0,0
"ASV641",1,0,0,0
"ASV642",0,0,0,1
"ASV643",1,0,0,1
"ASV645",0,1,0,0
"ASV646",0,0,1,0
"ASV647",0,0,0,1
"ASV648",0,1,0,0
"ASV650",0,1,0,0
"ASV651",0,1,0,1
"ASV653",1,0,0,1
"ASV654",1,0,0,0
"ASV655",0,1,0,0
"ASV656",0,1,0,0
"ASV657",1,0,0,1
"ASV658",0,0,1,0
"ASV659",1,0,0,0
"ASV661",1,0,0,0
"ASV662",0,1,0,0
"ASV663",0,1,0,0
"ASV665",0,0,1,0
"ASV666",1,0,1,1
"ASV667",1,0,1,1
"ASV668",1,0,0,1
"ASV669",0,0,1,1
"ASV671",0,1,0,0
"ASV672",0,1,0,0
"ASV673",1,0,1,0
"ASV674",0,0,1,1
"ASV676",1,0,0,0
"ASV677",0,1,0,0
"ASV680",0,0,1,0
"ASV681",0,1,0,0
"ASV682",1,0,0,1
"ASV683",0,0,1,1
"ASV684",0,0,0,1
"ASV685",0,1,0,0
"ASV686",1,0,0,0
"ASV690",1,0,0,1
"ASV691",1,0,1,1
"ASV694",0,1,0,0
"ASV695",0,1,0,0
"ASV696",1,0,1,1
"ASV699",1,0,1,1
"ASV700",0,0,1,1
"ASV702",0,1,0,0
"ASV704",0,1,0,0
"ASV705",0,1,0,0
"ASV706",0,0,0,1
"ASV709",0,0,1,1
"ASV711",0,1,0,0
"ASV714",0,1,0,0
"ASV715",1,0,0,1
"ASV716",1,0,1,1
"ASV717",0,0,1,0
"ASV718",0,1,0,0
"ASV719",0,0,1,1
"ASV721",0,1,0,0
"ASV722",0,0,1,0
"ASV723",0,1,0,0
"ASV724",1,0,0,1
"ASV725",1,0,0,1
"ASV726",1,0,1,0
"ASV727",1,0,1,1
"ASV728",0,0,1,0
"ASV729",1,0,0,1
"ASV730",0,0,1,1
"ASV733",0,1,0,0
"ASV734",0,0,0,1
"ASV736",0,0,1,0
"ASV738",0,1,0,0
"ASV739",0,1,0,0
"ASV741",0,1,0,0
"ASV742",0,1,0,0
"ASV743",0,1,0,0
"ASV744",0,0,1,0
"ASV745",0,0,1,1
"ASV746",1,0,1,0
"ASV747",0,0,1,0
"ASV749",1,0,0,1
"ASV750",1,0,1,0
"ASV751",0,1,0,0
"ASV753",1,0,1,0
"ASV755",0,1,0,0
"ASV756",0,1,0,0
"ASV757",1,1,0,1
"ASV758",1,0,0,1
"ASV759",0,0,0,1
"ASV763",0,0,1,0
"ASV764",0,0,1,0
"ASV765",0,1,0,0
"ASV766",0,1,0,0
"ASV767",0,1,0,0
"ASV769",1,0,0,1
"ASV770",1,0,1,1
"ASV772",1,0,0,0
"ASV773",0,0,1,0
"ASV775",0,0,1,0
"ASV776",1,0,1,0
"ASV779",1,0,0,0
"ASV780",0,1,0,0
"ASV782",1,0,1,1
"ASV783",0,0,1,1
"ASV784",0,0,1,1
"ASV786",0,0,0,1
"ASV787",0,0,1,0
"ASV788",0,0,1,0
"ASV790",1,0,0,1
"ASV791",1,0,0,0
"ASV792",0,0,1,0
"ASV793",0,1,0,0
"ASV795",1,0,1,0
"ASV797",1,0,0,1
"ASV798",0,1,0,0
"ASV799",1,0,1,1
"ASV801",1,0,1,1
"ASV802",0,1,0,0
"ASV803",0,0,0,1
"ASV804",1,0,0,1
"ASV806",1,0,1,1
"ASV808",1,0,0,1
"ASV809",0,0,1,0
"ASV810",0,1,0,0
"ASV811",0,1,0,0
"ASV812",0,1,0,0
"ASV813",0,1,0,0
"ASV814",1,0,0,0
"ASV815",0,1,0,0
"ASV816",0,1,0,0
"ASV817",1,0,0,1
"ASV818",0,0,1,0
"ASV821",0,0,1,0
"ASV823",0,0,1,0
"ASV824",0,0,1,1
"ASV825",0,1,0,0
"ASV826",1,0,0,1
"ASV827",1,0,0,1
"ASV830",0,0,1,1
"ASV831",0,0,1,1
"ASV832",0,0,1,0
"ASV833",1,0,1,1
"ASV834",0,0,1,1
"ASV835",1,0,0,1
"ASV836",1,0,1,1
"ASV837",0,1,0,0
"ASV838",0,1,0,0
"ASV839",1,0,1,1
"ASV843",0,0,0,1
"ASV844",0,1,0,0
"ASV845",0,1,0,0
"ASV846",1,0,0,1
"ASV847",1,0,0,1
"ASV852",1,0,1,1
"ASV855",0,1,0,0
"ASV856",0,0,0,1
"ASV860",0,1,0,0
"ASV861",1,0,0,0
"ASV862",1,0,1,1
"ASV863",0,1,0,0
"ASV864",0,1,0,0
"ASV865",1,0,1,1
"ASV867",1,0,1,1
"ASV868",1,0,0,1
"ASV870",0,0,1,0
"ASV871",0,1,0,0
"ASV872",1,0,0,1
"ASV873",0,0,1,0
"ASV875",0,0,1,0
"ASV876",0,0,1,0
"ASV878",1,0,1,1
"ASV879",0,1,0,0
"ASV880",0,1,0,0
"ASV881",1,0,1,1
"ASV882",0,0,1,1
"ASV883",1,0,0,1
"ASV885",1,0,0,1
"ASV887",1,0,0,1
"ASV888",1,0,1,0
"ASV889",1,0,0,0
"ASV890",1,0,1,1
"ASV891",0,0,0,1
"ASV892",1,0,1,1
"ASV893",1,0,0,0
"ASV895",1,0,1,1
"ASV896",0,0,0,1
"ASV897",1,0,0,1
"ASV900",0,1,0,0
"ASV902",0,1,0,0
"ASV903",0,1,0,0
"ASV906",0,0,1,1
"ASV908",0,0,1,0
"ASV909",0,1,0,0
"ASV912",1,0,1,1
"ASV913",0,0,1,1
"ASV914",0,1,0,0
"ASV915",1,0,1,0
"ASV916",1,0,1,0
"ASV917",0,0,1,0
"ASV918",1,0,1,1
"ASV920",0,0,0,1
"ASV921",1,0,1,0
"ASV923",0,1,0,0
"ASV925",1,0,1,1
"ASV926",1,0,0,1
"ASV927",1,0,1,1
"ASV928",1,0,1,1
"ASV930",1,0,0,1
"ASV931",0,0,1,0
"ASV932",1,0,0,1
"ASV933",1,0,1,1
"ASV935",1,0,0,1
"ASV938",0,0,1,0
"ASV939",1,0,0,1
"ASV940",1,0,1,1
"ASV942",0,1,0,0
"ASV943",1,0,0,1
"ASV946",1,0,1,0
"ASV948",0,1,0,0
"ASV949",0,1,0,0
"ASV950",1,0,1,1
"ASV952",1,0,1,1
"ASV953",1,0,0,0
"ASV954",0,0,1,0
"ASV955",0,1,1,0
"ASV957",1,0,1,0
"ASV958",1,0,1,1
"ASV959",1,0,1,1
"ASV960",0,1,0,0
"ASV961",0,1,1,1
"ASV963",1,0,0,0
"ASV964",1,0,0,1
"ASV966",0,0,1,0
"ASV969",0,0,1,0
"ASV970",1,0,1,0
"ASV971",0,0,1,0
"ASV974",0,1,0,0
"ASV975",0,1,0,0
"ASV979",0,0,1,1
"ASV980",0,0,1,1
"ASV981",0,0,1,0
"ASV983",0,0,1,0
"ASV984",0,1,0,0
"ASV986",1,0,0,0
"ASV987",0,0,1,0
"ASV992",0,0,1,0
"ASV994",1,0,1,1
"ASV996",0,1,0,0
"ASV997",1,0,1,1
"ASV998",0,0,1,1
"ASV999",1,0,0,1
"ASV1000",0,1,1,0
"ASV1001",0,1,0,0
"ASV1002",0,0,1,0
"ASV1003",0,0,1,1
"ASV1004",1,0,0,1
"ASV1008",0,0,1,0
"ASV1009",1,0,0,1
"ASV1011",0,1,0,0
"ASV1012",0,1,0,0
"ASV1015",1,0,0,0
"ASV1016",0,1,0,0
"ASV1017",1,0,0,1
"ASV1018",0,0,0,1
"ASV1019",1,0,0,1
"ASV1020",0,0,1,0
"ASV1022",0,0,1,0
"ASV1023",0,0,1,1
"ASV1024",1,0,0,1
"ASV1025",0,0,1,0
"ASV1026",0,1,0,0
"ASV1027",0,1,0,0
"ASV1029",0,1,0,0
"ASV1031",1,0,1,1
"ASV1032",1,0,1,1
"ASV1033",1,0,0,1
"ASV1035",1,0,0,0
"ASV1037",0,0,1,1
"ASV1039",0,0,0,1
"ASV1040",1,0,1,1
"ASV1041",1,0,1,1
"ASV1042",1,0,0,1
"ASV1043",1,0,0,0
"ASV1044",1,0,1,0
"ASV1046",1,0,0,1
"ASV1047",1,0,0,0
"ASV1048",0,0,1,0
"ASV1049",1,0,0,1
"ASV1050",1,0,0,1
"ASV1051",0,0,0,1
"ASV1053",0,0,0,1
"ASV1054",1,0,0,1
"ASV1055",0,1,0,0
"ASV1056",0,0,0,1
"ASV1057",1,0,1,0
"ASV1058",0,1,0,0
"ASV1059",1,0,1,1
"ASV1060",0,0,1,0
"ASV1061",0,1,0,0
"ASV1065",0,0,1,0
"ASV1066",1,0,1,1
"ASV1068",0,1,0,0
"ASV1069",0,1,0,0
"ASV1070",0,0,0,1
"ASV1071",1,0,0,1
"ASV1072",1,0,1,1
"ASV1073",1,0,1,1
"ASV1074",0,0,0,1
"ASV1075",0,1,0,0
"ASV1076",1,0,0,1
"ASV1077",0,0,1,0
"ASV1079",0,0,1,1
"ASV1081",1,0,1,1
"ASV1082",0,1,0,0
"ASV1083",0,1,0,0
"ASV1084",0,1,0,0
"ASV1085",0,0,0,1
"ASV1086",0,0,1,0
"ASV1087",0,0,1,0
"ASV1088",1,0,1,1
"ASV1089",1,0,0,0
"ASV1091",0,0,1,0
"ASV1092",0,1,0,0
"ASV1093",0,0,0,1
"ASV1095",0,1,0,0
"ASV1096",0,1,0,0
"ASV1097",0,0,1,0
"ASV1098",1,0,1,1
"ASV1099",0,1,0,0
"ASV1100",1,0,0,1
"ASV1101",1,0,0,1
"ASV1102",0,1,0,0
"ASV1104",0,0,1,1
"ASV1105",0,1,0,0
"ASV1107",1,0,0,0
"ASV1108",0,1,0,0
"ASV1110",1,0,1,1
"ASV1112",1,0,1,1
"ASV1113",0,0,1,0
"ASV1114",0,1,0,0
"ASV1115",0,0,1,1
"ASV1116",0,0,1,0
"ASV1117",0,1,0,0
"ASV1118",0,1,0,0
"ASV1119",1,1,1,1
"ASV1122",0,1,0,0
"ASV1123",0,1,0,0
"ASV1124",0,1,0,0
"ASV1126",0,0,1,1
"ASV1127",0,1,0,0
"ASV1128",0,1,0,0
"ASV1129",0,1,0,0
"ASV1131",1,0,0,1
"ASV1132",1,0,0,1
"ASV1133",1,0,0,1
"ASV1135",1,0,0,1
"ASV1138",0,0,1,0
"ASV1139",0,0,0,1
"ASV1141",1,0,0,1
"ASV1143",0,1,0,0
"ASV1144",0,1,0,0
"ASV1148",0,0,1,0
"ASV1149",0,1,0,0
"ASV1150",1,0,1,0
"ASV1151",0,1,0,0
"ASV1152",0,0,0,1
"ASV1154",0,0,1,0
"ASV1155",0,0,1,0
"ASV1156",0,0,0,1
"ASV1157",1,0,0,1
"ASV1159",1,0,1,1
"ASV1160",0,0,1,0
"ASV1161",0,0,1,0
"ASV1162",0,1,0,0
"ASV1163",0,1,0,0
"ASV1164",1,0,1,1
"ASV1165",1,0,1,1
"ASV1166",0,0,1,0
"ASV1167",0,0,1,0
"ASV1169",1,0,0,0
"ASV1172",1,0,1,1
"ASV1173",1,0,1,0
"ASV1174",1,0,1,0
"ASV1176",1,0,1,1
"ASV1177",1,0,1,1
"ASV1180",0,0,0,1
"ASV1181",1,0,1,1
"ASV1183",0,0,1,0
"ASV1184",1,0,0,1
"ASV1186",1,0,1,1
"ASV1190",0,0,1,0
"ASV1192",1,0,1,1
"ASV1195",0,1,0,0
"ASV1196",0,1,0,0
"ASV1198",0,1,0,0
"ASV1199",0,1,0,0
"ASV1200",0,1,0,0
"ASV1201",1,0,0,0
"ASV1203",1,0,0,1
"ASV1204",0,0,0,1
"ASV1206",0,1,0,0
"ASV1207",0,1,0,0
"ASV1208",0,1,0,0
"ASV1209",0,0,0,1
"ASV1211",1,0,1,1
"ASV1212",0,0,1,0
"ASV1214",0,1,0,0
"ASV1216",0,0,1,0
"ASV1217",0,1,0,0
"ASV1218",0,1,0,0
"ASV1219",1,0,1,0
"ASV1220",1,0,0,1
"ASV1221",1,0,0,1
"ASV1223",0,0,1,1
"ASV1224",0,0,0,1
"ASV1225",0,0,0,1
"ASV1226",0,0,1,0
"ASV1228",1,0,0,0
"ASV1229",0,1,0,0
"ASV1230",0,1,0,0
"ASV1231",0,0,1,0
"ASV1233",0,0,1,0
"ASV1234",0,0,1,0
"ASV1235",1,0,0,1
"ASV1237",0,0,0,1
"ASV1239",0,1,0,0
"ASV1240",0,0,0,1
"ASV1241",1,0,0,1
"ASV1242",0,0,0,1
"ASV1243",1,0,0,1
"ASV1244",1,0,1,0
"ASV1245",0,1,0,0
"ASV1246",0,1,0,0
"ASV1249",1,0,0,0
"ASV1250",0,1,0,0
"ASV1251",0,1,0,0
"ASV1254",1,0,0,1
"ASV1255",1,0,1,0
"ASV1256",0,0,1,0
"ASV1257",0,0,1,0
"ASV1259",0,1,0,0
"ASV1261",0,0,1,1
"ASV1264",0,0,1,0
"ASV1265",0,1,0,0
"ASV1268",0,0,0,1
"ASV1270",1,0,1,1
"ASV1272",0,0,1,1
"ASV1273",0,1,0,0
"ASV1275",0,1,0,0
"ASV1276",0,1,0,0
"ASV1277",1,0,0,0
"ASV1278",1,0,1,0
"ASV1279",1,0,1,1
"ASV1280",0,1,0,0
"ASV1283",0,0,1,0
"ASV1284",0,0,1,0
"ASV1285",1,0,0,1
"ASV1286",0,1,0,0
"ASV1287",1,0,0,1
"ASV1289",0,1,0,0
"ASV1292",1,0,1,1
"ASV1295",0,0,1,0
"ASV1296",1,0,1,0
"ASV1297",0,0,1,1
"ASV1299",0,0,0,1
"ASV1301",1,0,1,1
"ASV1302",0,0,1,0
"ASV1303",0,1,0,0
"ASV1304",0,1,0,0
"ASV1307",1,0,0,1
"ASV1308",0,0,1,1
"ASV1309",0,0,1,0
"ASV1312",0,0,1,0
"ASV1313",0,1,0,0
"ASV1314",0,0,0,1
"ASV1316",1,0,0,1
"ASV1317",0,0,1,1
"ASV1318",1,0,1,1
"ASV1320",0,0,1,0
"ASV1323",0,1,0,0
"ASV1324",1,0,0,1
"ASV1326",0,1,0,0
"ASV1327",0,1,0,0
"ASV1328",0,1,0,0
"ASV1331",0,1,0,0
"ASV1333",1,0,0,0
"ASV1337",0,0,1,0
"ASV1339",0,0,1,0
"ASV1340",0,1,0,0
"ASV1341",0,1,0,0
"ASV1342",0,0,1,1
"ASV1343",0,1,0,0
"ASV1344",0,0,0,1
"ASV1345",0,0,0,1
"ASV1346",1,0,0,0
"ASV1347",0,1,0,0
"ASV1350",0,1,0,0
"ASV1352",0,0,1,0
"ASV1353",0,0,1,0
"ASV1354",0,0,1,0
"ASV1356",0,0,1,0
"ASV1357",0,1,0,0
"ASV1358",1,0,0,0
"ASV1359",0,0,0,1
"ASV1360",0,1,0,0
"ASV1361",0,0,0,1
"ASV1362",1,0,0,0
"ASV1363",0,1,0,0
"ASV1364",0,1,0,0
"ASV1365",0,1,0,0
"ASV1366",1,0,1,1
"ASV1367",0,0,1,0
"ASV1368",1,0,0,1
"ASV1370",0,1,0,0
"ASV1372",0,0,1,1
"ASV1373",0,0,0,1
"ASV1375",0,1,0,0
"ASV1378",1,0,1,1
"ASV1379",0,1,0,0
"ASV1380",0,1,0,0
"ASV1385",0,1,0,0
"ASV1386",0,1,0,0
"ASV1387",1,0,1,1
"ASV1389",0,1,0,0
"ASV1390",0,1,0,0
"ASV1392",0,0,1,1
"ASV1395",0,0,1,0
"ASV1399",0,1,0,0
"ASV1400",0,1,0,0
"ASV1401",1,0,0,0
"ASV1402",1,0,0,1
"ASV1405",1,0,0,0
"ASV1406",1,0,1,1
"ASV1407",0,1,0,0
"ASV1408",1,0,1,1
"ASV1410",0,1,0,0
"ASV1411",1,0,1,1
"ASV1412",0,0,0,1
"ASV1414",0,0,1,0
"ASV1417",0,1,0,0
"ASV1418",1,0,0,1
"ASV1421",0,0,1,0
"ASV1422",0,1,0,0
"ASV1423",0,1,0,0
"ASV1425",0,0,1,1
"ASV1427",0,1,0,0
"ASV1428",1,0,1,1
"ASV1429",1,0,0,1
"ASV1430",0,0,1,0
"ASV1431",0,0,1,0
"ASV1432",0,1,0,0
"ASV1433",0,0,1,0
"ASV1436",1,0,0,0
"ASV1437",1,0,0,1
"ASV1438",1,0,0,0
"ASV1440",0,1,0,0
"ASV1442",0,0,0,1
"ASV1443",0,0,1,0
"ASV1444",1,0,0,0
"ASV1445",0,0,1,0
"ASV1447",0,0,1,1
"ASV1448",1,0,1,0
"ASV1450",1,0,1,1
"ASV1451",0,0,1,0
"ASV1452",0,0,0,1
"ASV1453",0,1,0,0
"ASV1455",1,0,0,1
"ASV1456",1,0,0,1
"ASV1458",0,0,1,0
"ASV1463",0,1,0,0
"ASV1465",0,0,1,0
"ASV1466",0,0,1,0
"ASV1467",0,1,0,0
"ASV1469",1,0,1,1
"ASV1470",1,0,0,1
"ASV1471",0,0,1,1
"ASV1472",1,0,0,0
"ASV1473",0,1,0,0
"ASV1474",0,1,0,0
"ASV1475",0,1,0,0
"ASV1476",0,0,1,1
"ASV1477",1,0,0,1
"ASV1479",0,0,1,0
"ASV1480",1,0,0,1
"ASV1481",0,1,0,0
"ASV1482",0,1,0,0
"ASV1484",1,0,1,1
"ASV1485",0,0,1,0
"ASV1486",1,0,0,0
"ASV1487",0,1,0,0
"ASV1488",1,0,0,1
"ASV1491",0,1,0,0
"ASV1492",0,1,0,0
"ASV1493",0,1,0,0
"ASV1495",1,0,0,1
"ASV1496",0,1,0,0
"ASV1498",1,0,0,0
"ASV1499",1,0,0,0
"ASV1501",1,0,1,1
"ASV1502",0,1,0,1
"ASV1503",0,1,0,0
"ASV1506",1,0,1,1
"ASV1508",0,1,0,0
"ASV1509",0,0,0,1
"ASV1510",0,0,1,0
"ASV1511",0,1,0,0
"ASV1512",0,1,0,0
"ASV1514",0,0,1,1
"ASV1515",0,0,1,1
"ASV1518",0,0,1,0
"ASV1520",0,1,0,0
"ASV1521",0,1,0,0
"ASV1523",0,0,1,1
"ASV1524",0,0,1,0
"ASV1528",0,1,0,0
"ASV1529",0,0,1,0
"ASV1530",0,0,0,1
"ASV1531",0,0,1,1
"ASV1533",1,0,1,0
"ASV1536",1,0,1,1
"ASV1537",0,1,0,0
"ASV1538",0,1,0,0
"ASV1539",0,1,0,0
"ASV1540",0,1,0,0
"ASV1542",0,0,1,1
"ASV1543",0,1,0,0
"ASV1544",0,1,0,0
"ASV1549",1,0,0,0
"ASV1550",0,1,0,0
"ASV1551",0,1,0,0
"ASV1552",1,0,1,0
"ASV1557",1,0,1,1
"ASV1558",0,0,1,0
"ASV1559",0,1,0,0
"ASV1560",0,1,1,0
"ASV1561",0,1,0,0
"ASV1562",0,1,0,0
"ASV1563",1,0,0,1
"ASV1564",1,0,1,1
"ASV1565",1,0,1,1
"ASV1566",0,0,1,0
"ASV1567",0,1,0,0
"ASV1568",0,0,1,1
"ASV1570",1,0,0,1
"ASV1571",1,0,0,0
"ASV1573",0,1,0,0
"ASV1574",0,1,0,0
"ASV1575",0,1,0,0
"ASV1576",1,0,0,1
"ASV1578",0,1,0,0
"ASV1579",0,0,1,1
"ASV1580",1,0,0,1
"ASV1581",1,0,0,1
"ASV1582",1,0,0,1
"ASV1583",1,0,1,0
"ASV1584",1,0,1,0
"ASV1585",0,0,1,0
"ASV1586",0,0,1,0
"ASV1587",0,0,1,0
"ASV1588",1,0,0,1
"ASV1589",1,0,0,1
"ASV1592",1,0,0,1
"ASV1594",0,0,1,0
"ASV1596",0,0,1,0
"ASV1598",0,1,0,0
"ASV1599",0,1,0,0
"ASV1600",0,0,0,1
"ASV1602",0,0,1,1
"ASV1603",1,0,1,1
"ASV1604",1,0,1,0
"ASV1605",0,0,1,1
"ASV1609",1,0,1,0
"ASV1610",0,0,0,1
"ASV1612",1,0,0,0
"ASV1613",1,0,1,1
"ASV1614",0,0,1,0
"ASV1615",0,1,0,0
"ASV1616",0,1,0,0
"ASV1617",1,0,0,1
"ASV1618",0,1,0,0
"ASV1619",0,1,0,0
"ASV1620",1,0,1,1
"ASV1621",0,0,1,0
"ASV1622",0,0,1,0
"ASV1625",0,0,1,0
"ASV1626",0,1,0,0
"ASV1627",0,0,0,1
"ASV1629",0,0,1,0
"ASV1630",0,1,0,0
"ASV1631",0,1,0,0
"ASV1632",0,1,0,0
"ASV1633",0,1,0,0
"ASV1634",0,1,0,0
"ASV1637",0,0,1,0
"ASV1639",0,0,1,0
"ASV1640",1,0,0,0
"ASV1642",0,0,1,0
"ASV1643",0,1,0,0
"ASV1644",0,0,0,1
"ASV1646",1,0,0,0
"ASV1648",0,1,0,0
"ASV1649",0,1,0,0
"ASV1650",1,0,0,1
"ASV1651",1,0,0,1
"ASV1653",0,0,1,0
"ASV1654",0,1,0,0
"ASV1655",1,0,0,1
"ASV1656",0,0,1,0
"ASV1659",0,0,1,0
"ASV1660",0,1,0,0
"ASV1661",0,1,0,0
"ASV1662",0,1,0,0
"ASV1663",0,1,0,0
"ASV1665",1,0,1,0
"ASV1666",0,0,0,1
"ASV1670",0,1,0,0
"ASV1671",0,1,0,0
"ASV1672",0,1,0,0
"ASV1673",0,1,0,0
"ASV1674",0,0,0,1
"ASV1679",0,0,1,0
"ASV1680",1,0,0,1
"ASV1681",0,1,0,0
"ASV1682",1,0,1,1
"ASV1683",1,0,1,1
"ASV1685",0,0,1,0
"ASV1691",0,1,0,0
"ASV1694",1,0,0,1
"ASV1695",0,0,1,1
"ASV1697",0,0,1,0
"ASV1698",0,0,1,1
"ASV1700",0,0,1,0
"ASV1701",0,1,0,0
"ASV1702",0,1,0,0
"ASV1703",0,1,0,0
"ASV1704",0,1,0,0
"ASV1705",0,0,1,0
"ASV1714",0,0,1,0
"ASV1715",0,1,0,0
"ASV1716",0,1,0,0
"ASV1717",0,1,0,0
"ASV1718",0,1,0,0
"ASV1719",0,1,0,0
"ASV1720",0,1,0,0
"ASV1721",1,0,0,1
"ASV1722",0,0,0,1
"ASV1723",0,0,0,1
"ASV1724",1,0,0,1
"ASV1726",0,1,0,0
"ASV1727",0,1,0,0
"ASV1728",0,1,0,0
"ASV1729",0,1,0,0
"ASV1730",0,1,0,0
"ASV1731",0,1,0,0
"ASV1733",1,0,0,1
"ASV1736",0,0,1,1
"ASV1737",0,1,0,0
"ASV1738",0,1,0,0
"ASV1740",1,0,0,0
"ASV1744",0,0,1,1
"ASV1745",0,1,0,0
"ASV1746",0,1,0,0
"ASV1747",0,1,0,0
"ASV1748",0,1,0,0
"ASV1749",0,1,0,0
"ASV1750",0,1,0,0
"ASV1752",1,0,0,1
"ASV1755",0,1,0,0
"ASV1756",0,1,0,0
"ASV1757",1,0,0,1
"ASV1758",1,0,0,1
"ASV1759",0,0,0,1
"ASV1760",0,1,0,0
"ASV1762",0,1,0,0
"ASV1763",0,1,0,0
"ASV1764",0,1,0,0
"ASV1765",0,0,0,1
"ASV1769",0,0,1,0
"ASV1770",0,1,0,0
"ASV1771",0,1,0,0
"ASV1772",0,1,0,0
"ASV1773",0,1,0,0
"ASV1774",0,1,0,0
"ASV1775",0,1,0,0
"ASV1776",0,1,0,0
"ASV1777",0,1,0,0
"ASV1778",0,1,0,0
"ASV1779",0,1,0,0
"ASV1780",0,1,0,0
"ASV1781",0,1,0,0
"ASV1782",0,1,0,0
"ASV1783",0,1,0,0
"ASV1784",0,1,0,0
"ASV1787",0,0,1,1
"ASV1790",0,1,0,0
"ASV1791",0,0,0,1
"ASV1792",1,0,1,0
"ASV1794",0,0,1,0
"ASV1795",0,0,1,1
"ASV1796",0,1,0,0
"ASV1799",1,0,0,0
"ASV1801",0,0,0,1
"ASV1803",0,1,0,0
"ASV1804",0,1,0,0
"ASV1805",0,1,0,0
"ASV1806",0,1,0,0
"ASV1808",1,0,1,0
"ASV1809",0,0,1,0
"ASV1810",1,0,0,1
"ASV1811",1,0,0,1
"ASV1814",0,0,1,0
"ASV1815",0,0,1,0
"ASV1817",0,0,1,0
"ASV1818",0,1,0,0
"ASV1819",0,1,0,0
"ASV1820",0,1,0,0
"ASV1821",0,1,0,0
"ASV1822",0,1,0,0
"ASV1823",0,1,0,0
"ASV1826",1,0,0,1
"ASV1827",1,0,0,0
"ASV1830",0,0,1,0
"ASV1831",0,0,1,0
"ASV1834",0,0,1,0
"ASV1837",1,0,0,1
"ASV1838",0,1,0,0
"ASV1840",0,0,1,1
"ASV1841",1,0,1,0
"ASV1842",1,0,0,1
"ASV1846",0,0,1,0
"ASV1847",0,0,1,0
"ASV1852",1,0,1,1
"ASV1853",0,1,0,0
"ASV1854",1,0,0,1
"ASV1855",0,0,1,1
"ASV1857",1,0,1,0
"ASV1859",0,0,1,0
"ASV1860",1,0,0,1
"ASV1862",0,0,1,0
"ASV1863",0,0,1,0
"ASV1864",1,0,0,0
"ASV1866",0,0,1,0
"ASV1867",0,0,1,0
"ASV1868",0,1,0,0
"ASV1869",0,1,0,0
"ASV1870",1,0,0,1
"ASV1873",1,0,0,1
"ASV1875",0,0,1,0
"ASV1878",0,1,0,0
"ASV1880",0,1,0,0
"ASV1882",0,0,0,1
"ASV1886",0,0,1,0
"ASV1887",0,0,1,0
"ASV1888",0,0,1,0
"ASV1889",0,1,0,0
"ASV1890",0,1,0,0
"ASV1891",0,1,0,0
"ASV1892",1,0,0,1
"ASV1893",1,0,1,0
"ASV1894",0,0,1,0
"ASV1899",0,0,1,0
"ASV1902",0,1,0,0
"ASV1903",0,1,0,0
"ASV1904",0,1,0,0
"ASV1905",0,1,0,0
"ASV1906",0,1,0,0
"ASV1907",0,1,0,0
"ASV1911",0,1,0,0
"ASV1912",0,1,0,0
"ASV1913",0,0,1,1
"ASV1914",0,0,1,0
"ASV1916",0,0,1,1
"ASV1917",0,0,1,0
"ASV1919",0,0,1,0
"ASV1920",0,1,0,0
"ASV1922",1,0,1,1
"ASV1923",0,0,1,1
"ASV1925",0,1,0,0
"ASV1926",0,1,0,0
"ASV1927",0,1,0,0
"ASV1928",0,1,0,0
"ASV1929",1,0,0,1
"ASV1930",0,0,1,0
"ASV1931",0,0,1,0
"ASV1933",0,0,1,1
"ASV1936",0,0,1,1
"ASV1937",0,0,1,0
"ASV1938",0,1,0,0
"ASV1942",1,0,1,1
"ASV1943",0,1,0,0
"ASV1944",0,1,0,0
"ASV1949",1,0,0,1
"ASV1950",1,0,0,0
"ASV1951",0,1,0,0
"ASV1952",0,1,0,0
"ASV1953",0,1,0,0
"ASV1955",1,0,1,0
"ASV1956",0,0,1,1
"ASV1957",0,0,1,0
"ASV1958",0,0,1,0
"ASV1961",0,0,1,0
"ASV1962",0,0,0,1
"ASV1963",0,0,1,0
"ASV1964",0,1,0,0
"ASV1965",0,1,0,0
"ASV1967",0,0,1,0
"ASV1968",0,0,1,0
"ASV1969",1,0,0,1
"ASV1970",0,0,0,1
"ASV1972",1,0,1,1
"ASV1974",0,0,1,0
"ASV1977",1,0,0,1
"ASV1979",1,0,0,0
"ASV1982",0,0,1,1
"ASV1984",0,1,0,0
"ASV1985",0,1,0,0
"ASV1986",0,1,0,0
"ASV1987",0,1,0,0
"ASV1990",1,0,1,0
"ASV1991",1,0,0,0
"ASV1994",0,1,0,0
"ASV1995",0,1,0,0
"ASV1996",0,1,0,0
"ASV1997",1,0,0,1
"ASV1998",0,0,0,1
"ASV1999",0,0,1,0
"ASV2001",1,0,1,1
"ASV2002",0,1,0,0
"ASV2003",0,1,0,0
"ASV2004",0,1,0,0
"ASV2005",1,0,0,1
"ASV2011",0,0,1,0
"ASV2013",1,0,0,1
"ASV2014",1,0,1,0
"ASV2015",0,1,1,0
"ASV2016",0,1,0,0
"ASV2017",0,1,0,0
"ASV2018",0,1,0,0
"ASV2019",0,1,0,0
"ASV2020",0,1,0,0
"ASV2021",0,0,1,0
"ASV2023",1,0,0,1
"ASV2024",1,0,0,0
"ASV2025",1,0,0,1
"ASV2026",0,0,1,1
"ASV2030",0,1,0,0
"ASV2031",0,1,0,0
"ASV2032",0,1,0,0
"ASV2033",0,1,0,0
"ASV2034",0,1,0,0
"ASV2035",0,1,0,0
"ASV2036",1,0,0,1
"ASV2039",0,0,0,1
"ASV2043",0,1,0,0
"ASV2044",0,1,0,0
"ASV2045",0,1,0,0
"ASV2046",0,1,0,0
"ASV2047",0,1,0,0
"ASV2049",0,0,1,0
"ASV2050",0,0,1,0
"ASV2052",0,0,1,0
"ASV2053",0,0,1,0
"ASV2054",0,1,0,0
"ASV2057",1,0,0,1
"ASV2058",1,0,1,1
"ASV2062",0,0,1,1
"ASV2063",1,0,0,0
"ASV2064",0,1,0,0
"ASV2065",0,1,0,0
"ASV2066",0,1,0,0
"ASV2067",0,1,0,0
"ASV2068",0,1,0,0
"ASV2073",0,0,1,1
"ASV2074",1,0,1,1
"ASV2075",0,0,1,1
"ASV2077",1,0,0,0
"ASV2079",0,0,1,0
"ASV2080",0,1,0,0
"ASV2082",0,0,0,1
"ASV2084",0,0,0,1
"ASV2085",1,0,0,1
"ASV2086",1,0,0,1
"ASV2088",1,0,1,1
"ASV2089",0,0,1,0
"ASV2092",1,0,1,0
"ASV2093",0,1,0,0
"ASV2094",0,1,0,0
"ASV2095",0,1,0,0
"ASV2096",0,1,0,0
"ASV2097",1,0,0,0
"ASV2098",0,0,0,1
"ASV2100",0,0,1,0
"ASV2101",0,0,1,0
"ASV2102",0,0,1,0
"ASV2104",0,0,0,1
"ASV2105",1,0,0,1
"ASV2106",0,0,1,0
"ASV2107",0,0,1,0
"ASV2109",0,0,0,1
"ASV2110",0,1,0,0
"ASV2111",0,1,0,0
"ASV2112",0,1,0,0
"ASV2114",0,0,0,1
"ASV2115",1,0,1,1
"ASV2122",0,0,1,0
"ASV2126",0,1,0,0
"ASV2127",0,1,0,0
"ASV2128",0,1,0,0
"ASV2129",0,1,0,0
"ASV2131",1,0,0,0
"ASV2133",0,0,1,0
"ASV2134",1,0,1,0
"ASV2135",0,0,1,0
"ASV2136",0,0,0,1
"ASV2137",1,0,0,0
"ASV2138",1,0,1,1
"ASV2139",0,0,1,0
"ASV2140",0,0,1,0
"ASV2142",0,0,1,0
"ASV2143",0,1,0,0
"ASV2144",0,1,0,0
"ASV2145",0,1,0,0
"ASV2148",0,0,1,0
"ASV2149",0,0,1,1
"ASV2150",0,0,1,0
"ASV2151",0,0,1,0
"ASV2153",1,0,0,1
"ASV2154",0,1,0,0
"ASV2155",0,1,0,0
"ASV2156",0,1,0,0
"ASV2157",0,1,0,0
"ASV2158",0,1,0,0
"ASV2159",0,1,0,0
"ASV2160",0,1,0,0
"ASV2164",1,0,0,1
"ASV2165",1,0,1,0
"ASV2166",0,0,1,0
"ASV2167",1,0,1,0
"ASV2170",0,0,1,0
"ASV2171",0,1,0,0
"ASV2172",0,1,0,0
"ASV2173",1,0,0,1
"ASV2175",1,0,0,0
"ASV2176",0,0,1,0
"ASV2177",1,0,1,0
"ASV2178",0,0,1,0
"ASV2180",0,0,1,1
"ASV2181",1,0,0,1
"ASV2182",0,0,0,1
"ASV2183",0,0,0,1
"ASV2184",1,0,0,1
"ASV2185",1,0,0,1
"ASV2187",0,1,0,0
"ASV2188",0,1,0,0
"ASV2189",0,1,0,0
"ASV2190",0,1,0,0
"ASV2191",0,1,0,0
"ASV2192",0,1,0,0
"ASV2193",0,1,0,0
"ASV2194",0,1,0,0
"ASV2195",0,1,0,0
"ASV2196",0,1,0,0
"ASV2200",1,0,0,1
"ASV2203",0,0,1,0
"ASV2204",0,0,1,0
"ASV2205",1,0,0,1
"ASV2207",0,0,0,1
"ASV2208",0,1,0,0
"ASV2211",0,0,0,1
"ASV2212",0,0,1,0
"ASV2213",0,0,1,0
"ASV2215",0,0,1,0
"ASV2216",1,0,0,0
"ASV2218",0,0,1,0
"ASV2219",0,0,1,0
"ASV2220",0,1,0,0
"ASV2221",0,1,0,0
"ASV2222",0,1,0,0
"ASV2223",0,1,0,0
"ASV2229",0,0,0,1
"ASV2230",0,0,1,0
"ASV2231",0,1,0,0
"ASV2232",0,1,0,0
"ASV2233",0,1,0,0
"ASV2234",0,1,0,0
"ASV2235",0,1,0,0
"ASV2236",0,1,0,0
"ASV2237",1,0,0,1
"ASV2242",1,0,1,0
"ASV2244",1,0,0,1
"ASV2246",1,0,1,0
"ASV2248",0,1,0,0
"ASV2249",0,1,0,0
"ASV2250",0,1,0,0
"ASV2251",0,1,0,0
"ASV2252",0,1,0,0
"ASV2253",0,1,0,0
"ASV2255",1,0,1,1
"ASV2256",0,0,1,1
"ASV2257",0,0,1,1
"ASV2258",1,0,1,1
"ASV2264",0,0,1,0
"ASV2265",0,0,1,1
"ASV2266",0,0,1,0
"ASV2270",0,0,1,0
"ASV2271",0,0,0,1
"ASV2273",1,0,0,1
"ASV2274",1,0,1,0
"ASV2275",1,0,1,1
"ASV2276",0,0,1,0
"ASV2277",0,0,1,0
"ASV2280",0,0,1,0
"ASV2283",0,0,1,0
"ASV2284",0,1,0,0
"ASV2285",0,1,0,0
"ASV2286",0,1,0,0
"ASV2287",0,1,0,0
"ASV2288",0,1,0,0
"ASV2292",0,0,0,1
"ASV2293",0,0,0,1
"ASV2295",1,0,0,1
"ASV2297",1,0,1,0
"ASV2298",1,0,0,1
"ASV2299",0,0,1,0
"ASV2300",0,0,1,0
"ASV2301",1,0,0,1
"ASV2304",0,0,1,1
"ASV2305",0,0,1,0
"ASV2306",0,1,0,0
"ASV2307",0,1,0,0
"ASV2308",0,1,0,0
"ASV2309",0,0,0,1
"ASV2314",0,0,1,0
"ASV2316",0,0,1,1
"ASV2318",1,0,0,1
"ASV2321",0,0,1,0
"ASV2322",0,0,1,0
"ASV2323",0,1,0,0
"ASV2324",0,1,0,0
"ASV2325",0,1,0,0
"ASV2326",0,1,0,0
"ASV2327",0,1,0,0
"ASV2328",0,1,0,0
"ASV2329",0,0,1,0
"ASV2330",0,0,1,0
"ASV2337",1,0,0,1
"ASV2338",0,0,1,0
"ASV2339",0,0,1,0
"ASV2340",0,0,1,0
"ASV2341",0,0,1,0
"ASV2342",0,0,1,0
"ASV2343",0,1,0,0
"ASV2344",0,1,0,0
"ASV2345",0,1,0,0
"ASV2346",1,0,0,1
"ASV2348",0,0,0,1
"ASV2349",0,0,0,1
"ASV2354",0,0,1,0
"ASV2359",1,0,0,0
"ASV2360",0,0,1,0
"ASV2361",0,0,1,0
"ASV2362",0,1,0,0
"ASV2363",0,1,0,0
"ASV2364",0,1,0,0
"ASV2365",0,1,0,0
"ASV2366",0,1,0,0
"ASV2367",0,0,0,1
"ASV2369",0,0,1,0
"ASV2370",1,0,1,1
"ASV2371",0,0,0,1
"ASV2374",0,0,1,1
"ASV2376",0,0,1,0
"ASV2377",0,1,0,0
"ASV2378",0,1,0,0
"ASV2379",0,1,0,0
"ASV2380",0,1,0,0
"ASV2381",0,1,0,0
"ASV2382",0,1,0,0
"ASV2383",0,1,0,1
"ASV2386",1,0,1,1
"ASV2388",1,0,0,1
"ASV2389",1,0,0,0
"ASV2390",1,0,0,0
"ASV2392",0,0,0,1
"ASV2394",0,0,1,0
"ASV2395",0,0,1,1
"ASV2396",1,0,0,0
"ASV2399",0,0,1,0
"ASV2400",0,0,1,0
"ASV2401",0,1,0,0
"ASV2402",0,1,0,0
"ASV2403",0,1,0,0
"ASV2404",0,1,0,0
"ASV2405",0,1,0,0
"ASV2406",0,1,0,0
"ASV2407",1,0,0,0
"ASV2411",0,0,1,0
"ASV2414",1,0,0,1
"ASV2415",0,0,1,0
"ASV2416",0,0,1,0
"ASV2417",0,0,1,0
"ASV2418",0,1,0,0
"ASV2419",0,1,0,0
"ASV2420",0,1,0,0
"ASV2421",0,1,0,0
"ASV2422",0,1,0,0
"ASV2423",0,1,0,0
"ASV2428",1,0,1,1
"ASV2429",0,0,1,0
"ASV2430",1,0,1,0
"ASV2431",1,0,0,1
"ASV2435",1,0,0,0
"ASV2436",0,0,1,0
"ASV2437",0,1,0,0
"ASV2438",0,1,0,0
"ASV2439",0,1,0,0
"ASV2440",0,1,0,0
"ASV2441",0,1,0,0
"ASV2442",0,1,0,0
"ASV2443",0,1,0,0
"ASV2445",1,0,0,1
"ASV2446",1,0,0,1
"ASV2449",1,0,0,1
"ASV2451",0,0,1,0
"ASV2452",0,0,1,0
"ASV2457",1,0,1,0
"ASV2458",0,1,0,0
"ASV2459",0,1,0,0
"ASV2460",0,1,0,0
"ASV2462",0,1,0,0
"ASV2463",0,1,0,0
"ASV2464",0,1,0,0
"ASV2465",0,1,0,0
"ASV2466",1,0,0,0
"ASV2467",0,0,1,0
"ASV2471",0,0,1,0
"ASV2472",0,0,0,1
"ASV2473",1,0,0,1
"ASV2474",1,0,0,1
"ASV2477",0,0,1,0
"ASV2478",0,0,1,1
"ASV2479",0,0,1,0
"ASV2480",0,0,1,0
"ASV2481",0,0,1,0
"ASV2482",1,0,0,0
"ASV2484",0,0,1,0
"ASV2485",0,0,1,0
"ASV2486",0,1,0,0
"ASV2487",0,1,0,0
"ASV2488",0,1,0,0
"ASV2489",0,1,0,0
"ASV2490",0,1,0,0
"ASV2491",0,1,0,0
"ASV2492",0,1,0,0
"ASV2493",0,1,0,0
"ASV2494",1,0,0,0
"ASV2496",1,0,1,1
"ASV2497",0,0,1,0
"ASV2498",0,0,1,0
"ASV2500",0,0,1,0
"ASV2502",1,0,0,1
"ASV2506",0,0,1,1
"ASV2507",0,0,1,0
"ASV2508",1,0,1,0
"ASV2510",0,0,1,0
"ASV2512",1,0,0,1
"ASV2513",1,0,0,0
"ASV2519",0,1,0,0
"ASV2520",1,1,0,1
"ASV2521",0,1,0,0
"ASV2522",0,1,0,0
"ASV2523",0,1,0,0
"ASV2524",0,1,0,0
"ASV2525",0,1,0,0
"ASV2527",0,1,0,0
"ASV2528",0,1,0,0
"ASV2529",0,1,0,0
"ASV2530",0,1,0,0
"ASV2532",0,0,0,1
"ASV2535",0,0,1,1
"ASV2536",0,0,0,1
"ASV2537",1,0,1,0
"ASV2539",1,0,1,0
"ASV2542",0,0,0,1
"ASV2543",0,0,1,1
"ASV2544",0,0,1,0
"ASV2546",0,1,0,0
"ASV2547",0,1,0,0
"ASV2550",0,0,0,1
"ASV2554",0,0,0,1
"ASV2555",1,0,0,1
"ASV2557",1,0,1,0
"ASV2558",0,0,1,0
"ASV2559",0,0,1,0
"ASV2563",0,0,1,0
"ASV2565",0,1,1,0
"ASV2566",0,1,0,0
"ASV2567",0,1,0,0
"ASV2568",0,1,0,0
"ASV2569",0,1,0,0
"ASV2570",0,0,1,0
"ASV2571",1,0,0,1
"ASV2573",0,0,0,1
"ASV2576",0,0,1,0
"ASV2579",1,0,0,0
"ASV2580",0,0,1,0
"ASV2582",0,1,0,0
"ASV2583",0,1,0,1
"ASV2584",0,1,0,0
"ASV2585",0,1,0,0
"ASV2586",0,1,0,0
"ASV2587",0,1,0,0
"ASV2588",0,1,0,0
"ASV2589",0,0,0,1
"ASV2590",1,0,1,1
"ASV2591",0,0,0,1
"ASV2592",0,0,0,1
"ASV2594",0,0,1,0
"ASV2595",0,0,0,1
"ASV2597",1,0,0,0
"ASV2598",1,0,0,0
"ASV2601",0,0,1,0
"ASV2602",0,0,1,0
"ASV2603",0,1,0,0
"ASV2604",0,1,0,0
"ASV2605",0,1,0,0
"ASV2606",0,1,0,0
"ASV2608",1,0,0,1
"ASV2610",1,0,1,1
"ASV2611",1,0,1,0
"ASV2613",0,0,1,0
"ASV2614",1,0,0,0
"ASV2617",0,0,1,0
"ASV2621",0,0,1,1
"ASV2622",0,0,1,0
"ASV2623",0,0,1,0
"ASV2624",1,0,0,0
"ASV2625",0,0,1,0
"ASV2626",0,1,0,0
"ASV2627",0,1,0,0
"ASV2628",0,1,0,0
"ASV2629",0,1,0,0
"ASV2630",0,1,0,0
"ASV2631",0,1,0,0
"ASV2635",0,0,1,0
"ASV2636",0,0,1,0
"ASV2637",1,0,0,0
"ASV2638",0,0,0,1
"ASV2642",1,0,1,0
"ASV2643",0,0,1,0
"ASV2644",0,0,1,0
"ASV2647",1,0,0,0
"ASV2650",0,0,0,1
"ASV2651",0,0,1,0
"ASV2652",0,1,0,0
"ASV2653",0,1,0,0
"ASV2654",0,1,0,0
"ASV2655",0,1,0,0
"ASV2656",0,1,0,0
"ASV2657",0,1,0,0
"ASV2658",0,1,0,0
"ASV2659",0,1,0,0
"ASV2660",0,1,0,0
"ASV2661",0,1,0,0
"ASV2662",0,1,0,0
"ASV2665",1,0,0,1
"ASV2667",0,0,1,0
"ASV2668",0,0,1,0
"ASV2670",0,0,0,1
"ASV2671",1,0,0,1
"ASV2673",0,0,1,0
"ASV2674",1,0,1,0
"ASV2675",0,0,1,0
"ASV2676",0,0,0,1
"ASV2677",1,0,0,1
"ASV2678",0,0,0,1
"ASV2679",1,0,0,0
"ASV2680",1,0,0,0
"ASV2682",0,0,1,0
"ASV2683",0,0,1,0
"ASV2685",0,1,0,0
"ASV2686",0,1,0,0
"ASV2687",0,1,0,0
"ASV2688",0,1,0,0
"ASV2689",0,1,0,0
"ASV2693",0,0,0,1
"ASV2694",0,0,0,1
"ASV2695",1,0,0,0
"ASV2696",0,0,1,0
"ASV2697",0,0,1,1
"ASV2700",0,0,1,0
"ASV2704",0,0,1,0
"ASV2706",0,0,1,0
"ASV2707",0,1,0,0
"ASV2708",0,1,0,0
"ASV2709",0,1,0,0
"ASV2710",0,1,0,0
"ASV2711",0,1,0,0
"ASV2712",0,1,0,0
"ASV2713",0,1,0,0
"ASV2714",0,1,0,0
"ASV2718",0,0,0,1
"ASV2719",0,0,0,1
"ASV2720",0,0,1,0
"ASV2721",1,0,0,1
"ASV2725",1,0,0,1
"ASV2729",0,0,1,0
"ASV2730",0,0,1,0
"ASV2731",0,0,0,1
"ASV2734",1,0,1,0
"ASV2735",0,0,1,0
"ASV2736",0,1,0,0
"ASV2737",0,1,0,0
"ASV2738",0,1,0,0
"ASV2740",0,0,0,1
"ASV2742",1,0,0,1
"ASV2744",0,0,0,1
"ASV2745",0,0,0,1
"ASV2747",0,0,1,0
"ASV2748",0,0,1,0
"ASV2749",0,0,1,0
"ASV2750",1,0,1,0
"ASV2752",1,0,0,1
"ASV2753",1,0,0,0
"ASV2754",0,0,0,1
"ASV2755",0,0,0,1
"ASV2756",1,0,0,0
"ASV2757",0,0,1,0
"ASV2758",0,0,1,0
"ASV2760",0,0,1,1
"ASV2761",0,0,1,0
"ASV2762",0,0,1,0
"ASV2764",0,1,0,0
"ASV2765",0,1,0,0
"ASV2766",0,1,0,0
"ASV2767",0,1,0,0
"ASV2768",0,1,0,0
"ASV2769",0,1,0,0
"ASV2770",0,1,0,0
"ASV2771",0,1,0,0
"ASV2772",0,1,0,0
"ASV2773",0,1,0,0
"ASV2774",0,1,0,0
"ASV2775",0,1,0,0
"ASV2776",0,1,0,0
"ASV2777",0,1,0,0
"ASV2778",0,1,0,0
"ASV2783",0,0,0,1
"ASV2786",0,0,1,1
"ASV2787",0,0,1,0
"ASV2788",0,0,1,0
"ASV2789",0,0,1,0
"ASV2792",0,0,0,1
"ASV2794",0,0,0,1
"ASV2797",0,0,1,0
"ASV2800",0,1,0,0
"ASV2801",0,1,0,0
"ASV2802",0,1,0,0
"ASV2803",0,1,0,0
"ASV2804",0,1,0,0
"ASV2805",0,1,0,0
"ASV2806",0,1,0,0
"ASV2807",0,1,0,0
"ASV2808",0,1,0,0
"ASV2814",0,0,1,0
"ASV2815",1,0,1,0
"ASV2816",0,0,1,0
"ASV2818",0,0,0,1
"ASV2822",0,0,1,0
"ASV2823",1,0,1,0
"ASV2825",0,0,1,1
"ASV2826",0,0,1,0
"ASV2829",0,0,0,1
"ASV2832",0,0,1,0
"ASV2833",0,0,1,0
"ASV2834",0,0,1,0
"ASV2835",0,0,1,0
"ASV2837",0,0,1,0
"ASV2840",0,1,0,0
"ASV2841",0,1,0,0
"ASV2842",0,1,0,0
"ASV2843",0,1,0,0
"ASV2844",0,1,0,0
"ASV2845",0,1,0,0
"ASV2846",0,1,0,0
"ASV2848",1,0,0,0
"ASV2851",1,0,1,1
"ASV2853",1,0,1,0
"ASV2856",1,0,0,1
"ASV2858",0,0,0,1
"ASV2862",0,0,0,1
"ASV2863",1,0,0,0
"ASV2865",0,0,1,0
"ASV2869",1,0,0,0
"ASV2870",1,0,0,1
"ASV2871",0,0,0,1
"ASV2873",0,0,1,0
"ASV2874",0,0,1,0
"ASV2875",0,1,0,0
"ASV2876",0,1,0,0
"ASV2877",0,1,0,0
"ASV2878",0,1,0,0
"ASV2879",0,1,0,0
"ASV2880",0,1,0,0
"ASV2881",0,1,0,0
"ASV2882",0,1,0,0
"ASV2883",0,0,0,1
"ASV2884",0,0,0,1
"ASV2886",1,0,0,0
"ASV2887",0,0,1,0
"ASV2888",0,0,0,1
"ASV2890",0,0,1,0
"ASV2891",0,0,1,0
"ASV2892",0,0,1,1
"ASV2894",0,1,0,0
"ASV2895",0,1,0,0
"ASV2896",0,1,0,0
"ASV2897",0,1,0,0
"ASV2898",0,1,0,0
"ASV2899",0,1,0,0
"ASV2900",0,1,0,0
"ASV2901",0,1,0,0
"ASV2902",0,1,0,0
"ASV2903",0,1,0,0
"ASV2904",0,1,0,0
"ASV2906",0,0,1,1
"ASV2907",1,0,0,0
"ASV2912",0,0,1,0
"ASV2914",0,0,1,0
"ASV2916",0,0,0,1
"ASV2917",1,0,0,0
"ASV2918",1,0,0,0
"ASV2919",1,0,0,0
"ASV2920",1,0,0,0
"ASV2922",0,0,1,0
"ASV2927",1,0,0,1
"ASV2931",0,0,1,0
"ASV2932",0,0,1,0
"ASV2934",0,0,1,0
"ASV2935",0,0,1,0
"ASV2936",0,1,0,0
"ASV2938",0,1,0,0
"ASV2939",0,1,0,0
"ASV2940",0,1,0,0
"ASV2941",0,1,0,0
"ASV2942",0,1,0,0
"ASV2943",0,1,0,0
"ASV2944",0,1,0,0
"ASV2946",0,0,1,0
"ASV2949",0,0,1,0
"ASV2950",0,0,0,1
"ASV2951",1,0,0,0
"ASV2952",1,0,0,1
"ASV2953",1,0,0,1
"ASV2955",1,0,1,1
"ASV2960",1,0,0,1
"ASV2962",0,0,1,0
"ASV2963",0,0,1,0
"ASV2964",0,0,1,0
"ASV2965",0,0,1,0
"ASV2966",0,0,1,0
"ASV2967",0,1,0,0
"ASV2968",0,1,0,0
"ASV2969",0,1,0,0
"ASV2970",0,1,0,0
"ASV2971",0,1,0,0
"ASV2972",0,1,0,0
"ASV2973",0,1,0,0
"ASV2974",0,1,0,0
"ASV2975",0,1,0,0
"ASV2976",0,1,0,0
"ASV2977",0,1,0,0
"ASV2978",0,1,0,0
"ASV2979",0,1,0,0
"ASV2980",0,1,0,0
"ASV2985",1,0,0,1
"ASV2986",1,0,0,0
"ASV2988",0,0,0,1
"ASV2989",0,0,1,1
"ASV2991",1,0,0,0
"ASV2992",0,0,0,1
"ASV2998",1,0,1,1
"ASV3000",0,0,1,0
"ASV3001",0,0,1,0
"ASV3002",0,0,1,0
"ASV3003",0,0,1,0
"ASV3004",0,0,1,0
"ASV3005",1,0,1,0
"ASV3006",1,0,0,0
"ASV3011",0,0,1,0
"ASV3012",0,0,1,1
"ASV3013",0,0,1,0
"ASV3014",0,1,0,0
"ASV3015",0,1,0,0
"ASV3016",0,1,0,0
"ASV3017",0,1,0,0
"ASV3018",0,1,0,0
"ASV3019",0,1,0,0
"ASV3020",0,1,0,0
"ASV3021",0,1,0,0
"ASV3024",0,0,0,1
"ASV3026",0,0,0,1
"ASV3027",0,0,1,0
"ASV3029",0,0,1,0
"ASV3030",1,0,0,0
"ASV3034",1,0,0,1
"ASV3036",0,0,1,0
"ASV3037",0,0,1,0
"ASV3038",0,0,1,0
"ASV3039",0,0,1,0
"ASV3042",1,0,1,0
"ASV3043",1,0,1,0
"ASV3044",0,0,1,0
"ASV3045",0,1,0,0
"ASV3046",0,1,0,0
"ASV3047",0,1,0,0
"ASV3048",0,1,0,0
"ASV3049",0,1,0,1
"ASV3050",0,1,0,0
"ASV3051",0,1,0,0
"ASV3052",0,1,0,0
"ASV3053",0,1,0,0
"ASV3054",0,1,0,0
"ASV3055",0,1,0,0
"ASV3056",0,1,0,0
"ASV3057",0,1,0,0
"ASV3058",0,1,0,0
"ASV3059",0,1,0,0
"ASV3060",0,1,0,0
"ASV3062",0,0,1,0
"ASV3066",1,0,0,1
"ASV3070",0,0,1,0
"ASV3072",0,0,1,1
"ASV3076",1,0,0,1
"ASV3077",1,0,0,1
"ASV3078",0,0,0,1
"ASV3080",0,0,1,0
"ASV3082",0,0,1,0
"ASV3083",0,1,0,0
"ASV3084",0,1,0,0
"ASV3085",0,1,0,0
"ASV3086",0,1,0,0
"ASV3087",0,1,0,0
"ASV3088",0,1,0,0
"ASV3089",0,1,0,0
"ASV3090",0,1,0,0
"ASV3091",0,1,0,0
"ASV3092",0,1,0,0
"ASV3093",0,1,0,0
"ASV3094",0,1,0,0
"ASV3095",0,1,0,0
"ASV3096",0,1,0,0
"ASV3097",0,1,0,0
"ASV3098",0,1,0,0
"ASV3104",0,0,1,0
"ASV3106",1,0,1,0
"ASV3107",0,0,1,0
"ASV3111",0,0,0,1
"ASV3112",0,0,1,0
"ASV3113",0,0,1,1
"ASV3114",0,0,1,0
"ASV3116",0,0,1,1
"ASV3117",1,0,0,0
"ASV3119",0,0,1,0
"ASV3120",0,0,1,0
"ASV3122",0,0,1,0
"ASV3123",0,0,1,0
"ASV3124",0,0,1,0
"ASV3127",0,1,0,0
"ASV3128",0,1,0,0
"ASV3129",0,1,0,0
"ASV3130",0,1,0,0
"ASV3131",0,1,0,0
"ASV3132",0,1,0,0
"ASV3133",0,1,0,0
"ASV3134",0,1,0,0
"ASV3135",0,1,0,0
"ASV3136",0,1,0,0
"ASV3137",0,1,0,0
"ASV3138",0,1,0,0
"ASV3139",0,1,0,0
"ASV3140",0,1,0,0
"ASV3141",0,1,0,0
"ASV3142",0,1,0,0
"ASV3145",1,0,0,0
"ASV3148",0,0,1,0
"ASV3149",0,0,1,0
"ASV3150",0,0,1,1
"ASV3151",0,0,1,0
"ASV3159",1,0,1,1
"ASV3160",1,0,1,0
"ASV3161",0,0,1,0
"ASV3163",0,0,0,1
"ASV3165",1,0,0,0
"ASV3166",0,0,1,0
"ASV3169",0,0,1,0
"ASV3170",0,0,1,0
"ASV3171",0,1,0,0
"ASV3172",0,1,0,0
"ASV3173",0,1,0,0
"ASV3174",0,1,0,0
"ASV3175",0,1,0,0
"ASV3176",0,1,0,0
"ASV3177",0,1,0,0
"ASV3178",0,1,0,0
"ASV3179",0,1,0,0
"ASV3180",0,1,0,0
"ASV3181",0,1,0,0
"ASV3182",0,1,0,0
"ASV3187",1,0,0,0
"ASV3193",0,0,0,1
"ASV3194",0,0,0,1
"ASV3195",1,0,0,1
"ASV3196",0,0,0,1
"ASV3198",0,0,1,0
"ASV3200",0,0,1,1
"ASV3202",0,0,1,0
"ASV3203",1,0,0,0
"ASV3207",0,0,0,1
"ASV3210",1,0,0,0
"ASV3211",1,0,0,0
"ASV3214",0,0,1,0
"ASV3215",0,0,1,0
"ASV3218",0,0,1,0
"ASV3219",0,0,1,0
"ASV3220",0,0,1,0
"ASV3221",0,0,1,0
"ASV3222",0,1,0,0
"ASV3223",0,1,0,0
"ASV3224",0,1,0,0
"ASV3225",0,1,0,0
"ASV3226",0,1,0,0
"ASV3227",0,1,0,0
"ASV3228",0,1,0,0
"ASV3229",0,1,0,0
"ASV3230",0,1,0,0
"ASV3231",0,1,0,0
"ASV3232",0,1,0,0
"ASV3233",0,1,0,0
"ASV3234",0,1,0,0
"ASV3235",0,1,0,0
"ASV3236",0,1,0,0
"ASV3237",0,1,0,0
"ASV3238",0,1,0,0
"ASV3239",0,1,0,0
"ASV3246",1,0,1,1
"ASV3247",1,0,1,1
"ASV3248",0,0,1,0
"ASV3249",1,0,0,0
"ASV3252",0,0,0,1
"ASV3254",1,0,0,0
"ASV3257",0,0,1,0
"ASV3258",1,0,0,1
"ASV3260",1,0,0,1
"ASV3266",0,0,1,0
"ASV3267",0,0,1,0
"ASV3269",0,1,0,0
"ASV3270",0,1,0,0
"ASV3271",0,1,0,0
"ASV3272",0,1,0,0
"ASV3273",0,1,0,0
"ASV3274",0,1,0,0
"ASV3275",0,1,0,0
"ASV3276",0,1,0,0
"ASV3277",0,1,0,0
"ASV3278",0,1,0,0
"ASV3279",0,1,0,0
"ASV3280",1,0,0,1
"ASV3281",0,0,0,1
"ASV3282",1,0,0,0
"ASV3284",0,0,0,1
"ASV3285",1,0,0,0
"ASV3287",0,0,1,1
"ASV3288",0,0,1,0
"ASV3289",0,0,1,0
"ASV3292",1,0,0,0
"ASV3295",0,0,1,0
"ASV3296",0,0,1,0
"ASV3298",0,0,1,0
"ASV3300",0,0,1,0
"ASV3302",0,0,1,0
"ASV3303",1,0,0,0
"ASV3304",0,0,1,0
"ASV3305",0,0,1,0
"ASV3306",0,1,0,0
"ASV3307",0,1,0,0
"ASV3308",0,1,0,0
"ASV3309",0,1,0,0
"ASV3310",0,1,0,0
"ASV3311",0,1,0,0
"ASV3312",0,1,0,0
"ASV3313",0,1,0,0
"ASV3314",0,1,0,0
"ASV3315",0,1,0,0
"ASV3316",0,1,0,0
"ASV3317",0,1,0,0
"ASV3318",0,1,0,0
"ASV3319",0,1,0,0
"ASV3320",0,1,0,0
"ASV3321",0,1,0,0
"ASV3322",0,1,0,0
"ASV3323",0,1,0,0
"ASV3325",0,0,0,1
"ASV3326",1,0,0,1
"ASV3330",0,0,1,0
"ASV3331",0,0,1,0
"ASV3332",1,0,1,0
"ASV3335",0,0,0,1
"ASV3337",1,0,0,0
"ASV3338",1,0,0,0
"ASV3339",1,0,0,0
"ASV3340",1,0,0,0
"ASV3344",0,0,1,0
"ASV3345",0,0,1,0
"ASV3346",0,0,1,0
"ASV3347",0,0,1,0
"ASV3348",0,0,1,0
"ASV3350",0,0,0,1
"ASV3355",0,0,1,0
"ASV3359",0,0,1,0
"ASV3360",0,0,1,0
"ASV3362",0,1,0,0
"ASV3363",0,1,0,0
"ASV3364",0,1,0,0
"ASV3365",0,1,0,0
"ASV3366",0,1,0,0
"ASV3367",0,1,0,0
"ASV3368",0,1,0,0
"ASV3369",0,1,0,0
"ASV3370",0,1,0,0
"ASV3371",0,1,0,0
"ASV3372",0,1,0,0
"ASV3373",0,1,0,0
"ASV3374",0,1,0,0
"ASV3375",0,1,0,0
"ASV3376",0,1,0,0
"ASV3377",0,1,0,0
"ASV3378",1,0,0,0
"ASV3379",1,0,0,0
"ASV3381",1,0,0,0
"ASV3383",0,0,1,1
"ASV3385",1,0,1,0
"ASV3387",0,0,1,0
"ASV3388",0,0,1,0
"ASV3389",0,0,1,0
"ASV3394",0,0,1,1
"ASV3396",0,0,1,0
"ASV3397",0,0,1,0
"ASV3399",0,0,0,1
"ASV3401",0,0,0,1
"ASV3403",1,0,0,0
"ASV3405",1,0,0,0
"ASV3406",0,0,1,0
"ASV3407",0,0,1,0
"ASV3408",0,0,1,0
"ASV3409",0,0,1,0
"ASV3410",0,0,1,0
"ASV3412",0,1,0,0
"ASV3413",0,1,0,0
"ASV3414",0,1,0,0
"ASV3415",0,1,0,0
"ASV3416",0,1,0,0
"ASV3417",0,1,0,0
"ASV3418",0,1,0,0
"ASV3419",0,1,0,0
"ASV3420",0,1,0,0
"ASV3421",0,1,0,0
"ASV3422",0,1,0,0
"ASV3423",0,1,0,0
"ASV3424",0,1,0,0
"ASV3425",0,1,0,0
"ASV3426",0,1,0,0
"ASV3431",0,0,1,0
"ASV3435",0,0,0,1
"ASV3436",1,0,0,0
"ASV3439",1,0,1,0
"ASV3443",1,0,0,0
"ASV3446",1,0,1,0
"ASV3449",0,0,1,0
"ASV3450",0,0,1,0
"ASV3451",0,0,1,0
"ASV3454",0,0,1,0
"ASV3455",0,0,1,0
"ASV3456",0,1,0,0
"ASV3457",0,1,0,0
"ASV3458",0,1,0,0
"ASV3459",0,1,0,0
"ASV3460",0,1,0,0
"ASV3461",0,1,0,0
"ASV3462",0,1,0,0
"ASV3463",0,1,0,0
"ASV3464",0,1,0,0
"ASV3465",0,1,0,0
"ASV3466",0,1,0,0
"ASV3467",0,1,0,0
"ASV3469",0,0,1,0
"ASV3475",0,0,1,0
"ASV3476",0,0,1,0
"ASV3479",1,0,0,1
"ASV3480",0,0,0,1
"ASV3481",1,0,0,0
"ASV3482",0,0,0,1
"ASV3483",0,0,1,0
"ASV3484",0,0,1,0
"ASV3485",0,0,1,1
"ASV3486",0,0,1,0
"ASV3487",1,0,1,0
"ASV3489",0,0,0,1
"ASV3490",1,0,0,0
"ASV3492",1,0,0,1
"ASV3493",0,0,1,0
"ASV3494",0,0,1,0
"ASV3495",0,0,1,0
"ASV3496",0,0,1,0
"ASV3497",0,0,1,0
"ASV3498",0,1,0,0
"ASV3499",0,1,0,0
"ASV3500",0,1,0,0
"ASV3501",0,1,0,0
"ASV3502",0,1,0,0
"ASV3503",0,1,0,0
"ASV3504",0,1,0,0
"ASV3505",0,1,0,0
"ASV3506",0,1,0,0
"ASV3507",1,1,0,0
"ASV3508",0,1,0,0
"ASV3509",0,1,0,0
"ASV3510",0,1,0,0
"ASV3515",1,0,0,0
"ASV3516",1,0,1,1
"ASV3517",0,0,1,0
"ASV3518",0,0,1,0
"ASV3524",1,0,0,0
"ASV3525",1,0,0,0
"ASV3527",0,0,0,1
"ASV3531",0,0,1,0
"ASV3532",0,0,1,0
"ASV3533",0,0,1,0
"ASV3534",0,0,1,0
"ASV3535",0,0,1,0
"ASV3540",0,0,1,0
"ASV3543",0,0,1,0
"ASV3544",0,0,1,0
"ASV3545",0,0,1,0
"ASV3546",0,0,1,0
"ASV3547",0,1,0,0
"ASV3548",0,1,0,0
"ASV3549",0,1,1,0
"ASV3550",0,1,0,0
"ASV3551",0,1,0,0
"ASV3552",0,1,0,0
"ASV3553",0,1,0,0
"ASV3554",0,1,0,0
"ASV3555",0,1,0,0
"ASV3556",0,1,0,0
"ASV3557",0,1,0,0
"ASV3558",0,1,0,0
"ASV3559",0,1,0,0
"ASV3560",0,1,0,0
"ASV3561",0,1,0,0
"ASV3562",0,1,0,0
"ASV3563",0,1,0,0
"ASV3564",0,1,0,0
"ASV3565",0,1,0,0
"ASV3566",0,1,0,0
"ASV3567",0,1,0,0
"ASV3572",0,0,0,1
"ASV3579",1,0,1,0
"ASV3580",0,0,1,0
"ASV3584",0,0,0,1
"ASV3585",1,0,0,1
"ASV3586",0,0,0,1
"ASV3587",1,0,1,0
"ASV3588",0,0,1,0
"ASV3590",1,0,1,0
"ASV3592",0,0,1,1
"ASV3593",0,0,1,0
"ASV3594",0,0,1,0
"ASV3600",1,0,0,0
"ASV3602",1,0,0,1
"ASV3605",0,0,1,0
"ASV3607",0,0,1,0
"ASV3608",0,0,1,0
"ASV3609",0,0,1,0
"ASV3610",0,0,1,0
"ASV3611",0,1,0,0
"ASV3612",0,1,0,0
"ASV3613",0,1,0,0
"ASV3614",0,1,0,0
"ASV3615",0,1,0,0
"ASV3616",0,1,0,0
"ASV3617",0,1,0,0
"ASV3618",0,1,0,0
"ASV3619",0,1,0,0
"ASV3620",0,1,0,0
"ASV3621",0,1,0,0
"ASV3622",0,1,0,0
"ASV3623",0,1,0,0
"ASV3624",0,1,0,0
"ASV3625",0,1,0,0
"ASV3626",0,1,0,0
"ASV3627",0,1,0,0
"ASV3629",0,0,1,0
"ASV3636",0,0,1,1
"ASV3639",0,0,1,0
"ASV3640",0,0,0,1
"ASV3646",0,0,0,1
"ASV3647",0,0,0,1
"ASV3648",0,0,0,1
"ASV3651",0,0,1,0
"ASV3652",0,0,1,0
"ASV3658",1,0,0,0
"ASV3662",0,0,1,0
"ASV3663",0,0,1,0
"ASV3665",0,0,1,0
"ASV3666",0,0,1,0
"ASV3667",0,0,1,0
"ASV3668",0,0,1,0
"ASV3670",0,1,0,0
"ASV3671",0,1,0,0
"ASV3672",0,1,0,0
"ASV3673",0,1,0,0
"ASV3674",0,1,0,0
"ASV3675",0,1,0,0
"ASV3676",0,1,0,0
"ASV3677",0,1,0,0
"ASV3678",0,1,0,0
"ASV3679",0,1,0,0
"ASV3680",0,1,0,0
"ASV3681",0,1,0,0
"ASV3682",0,1,0,0
"ASV3683",0,1,0,0
"ASV3684",0,1,0,0
"ASV3685",0,1,0,0
"ASV3686",0,1,0,0
"ASV3687",0,1,0,0
"ASV3688",0,1,0,0
"ASV3689",0,1,0,0
"ASV3692",1,0,0,1
"ASV3693",0,0,1,0
"ASV3696",0,0,1,0
"ASV3698",0,0,1,0
"ASV3699",0,0,0,1
"ASV3700",0,0,0,1
"ASV3702",0,0,0,1
"ASV3704",0,0,0,1
"ASV3707",1,0,0,1
"ASV3708",1,0,0,1
"ASV3709",0,0,0,1
"ASV3721",0,0,1,0
"ASV3722",0,0,1,0
"ASV3723",0,0,1,0
"ASV3724",0,0,1,0
"ASV3725",0,0,1,0
"ASV3726",0,0,1,0
"ASV3728",0,1,0,0
"ASV3729",0,1,0,0
"ASV3730",0,1,0,0
"ASV3731",0,1,0,0
"ASV3732",0,1,0,0
"ASV3734",0,1,0,0
"ASV3735",0,1,0,0
"ASV3736",0,1,0,1
"ASV3737",0,1,0,0
"ASV3738",0,1,0,0
"ASV3739",0,1,0,0
"ASV3740",0,1,0,0
"ASV3741",0,1,0,0
"ASV3742",0,1,0,0
"ASV3743",0,1,0,0
"ASV3744",0,1,0,0
"ASV3745",0,1,0,0
"ASV3746",0,1,0,0
"ASV3747",0,1,0,0
"ASV3748",1,0,0,0
"ASV3750",1,0,0,1
"ASV3754",1,0,0,0
"ASV3757",0,0,1,1
"ASV3759",1,0,1,0
"ASV3760",0,0,1,0
"ASV3761",0,0,1,0
"ASV3767",1,0,0,0
"ASV3769",1,0,0,0
"ASV3770",0,0,0,1
"ASV3771",0,0,0,1
"ASV3773",0,0,1,0
"ASV3774",0,0,0,1
"ASV3775",0,0,1,0
"ASV3776",0,0,1,0
"ASV3777",1,0,0,0
"ASV3783",1,0,0,1
"ASV3784",1,0,0,0
"ASV3785",1,0,0,0
"ASV3787",0,0,1,0
"ASV3790",0,0,1,0
"ASV3792",0,0,1,0
"ASV3793",0,0,1,0
"ASV3794",0,0,1,0
"ASV3795",0,0,1,0
"ASV3796",0,0,1,0
"ASV3797",0,0,1,0
"ASV3798",0,0,1,0
"ASV3799",0,0,1,0
"ASV3800",0,1,0,0
"ASV3801",0,1,0,0
"ASV3802",0,1,0,0
"ASV3803",0,1,0,0
"ASV3804",0,1,0,0
"ASV3805",0,1,0,0
"ASV3806",0,1,0,0
"ASV3807",0,1,0,0
"ASV3808",0,1,0,0
"ASV3809",0,1,0,0
"ASV3810",0,1,0,0
"ASV3811",0,1,0,0
"ASV3812",0,1,0,0
"ASV3813",0,1,0,0
"ASV3814",0,1,0,0
"ASV3815",0,1,0,0
"ASV3816",0,1,0,0
"ASV3817",0,1,0,0
"ASV3818",0,1,0,0
"ASV3821",0,0,1,0
"ASV3822",0,0,0,1
"ASV3823",1,0,0,1
"ASV3824",1,0,0,0
"ASV3827",0,0,0,1
"ASV3829",0,0,0,1
"ASV3833",0,0,1,0
"ASV3837",1,0,0,0
"ASV3838",1,0,0,1
"ASV3839",0,0,0,1
"ASV3840",1,0,0,0
"ASV3844",0,0,1,0
"ASV3845",0,0,1,1
"ASV3846",0,0,1,0
"ASV3857",0,0,1,0
"ASV3858",0,0,1,0
"ASV3860",0,0,1,0
"ASV3861",0,0,1,0
"ASV3862",0,1,0,0
"ASV3863",0,1,0,0
"ASV3864",0,1,0,0
"ASV3865",0,1,0,0
"ASV3866",0,1,0,0
"ASV3867",0,1,0,0
"ASV3868",0,1,0,0
"ASV3869",0,1,0,0
"ASV3870",0,1,0,0
"ASV3871",0,1,0,0
"ASV3872",0,1,0,0
"ASV3873",0,1,0,0
"ASV3874",0,1,0,0
"ASV3875",0,1,0,0
"ASV3876",0,1,0,0
"ASV3877",0,1,0,0
"ASV3879",0,0,0,1
"ASV3890",0,0,1,0
"ASV3892",0,0,1,0
"ASV3894",0,0,1,0
"ASV3900",0,0,0,1
"ASV3902",0,0,0,1
"ASV3905",0,0,1,0
"ASV3906",0,0,1,1
"ASV3909",0,0,1,0
"ASV3910",0,0,1,0
"ASV3914",0,0,0,1
"ASV3921",1,0,0,0
"ASV3922",0,0,0,1
"ASV3924",0,0,1,0
"ASV3925",0,0,1,0
"ASV3926",0,0,1,0
"ASV3928",0,0,1,0
"ASV3929",0,0,1,0
"ASV3930",0,1,0,0
"ASV3931",0,1,0,0
"ASV3933",0,1,0,0
"ASV3934",0,1,0,0
"ASV3935",0,1,0,0
"ASV3936",0,1,0,0
"ASV3937",0,1,0,0
"ASV3938",0,1,0,0
"ASV3939",0,1,0,0
"ASV3940",0,1,0,0
"ASV3941",0,1,0,0
"ASV3942",0,1,0,0
"ASV3943",0,1,0,0
"ASV3944",0,1,0,0
"ASV3945",0,1,0,0
"ASV3946",0,1,0,0
"ASV3947",0,1,0,0
"ASV3948",0,1,0,0
"ASV3949",0,1,0,0
"ASV3950",0,1,0,0
"ASV3951",0,1,0,0
"ASV3952",0,1,0,0
"ASV3953",0,1,0,0
"ASV3954",0,1,0,0
"ASV3955",0,1,0,0
"ASV3956",0,1,0,0
"ASV3961",0,0,0,1
"ASV3962",1,0,0,0
"ASV3967",0,0,0,1
"ASV3968",0,0,0,1
"ASV3976",0,0,1,0
"ASV3977",0,0,1,0
"ASV3981",0,0,0,1
"ASV3985",1,0,0,0
"ASV3987",1,0,0,1
"ASV3988",0,0,0,1
"ASV3990",0,0,0,1
"ASV3991",0,0,0,1
"ASV3997",0,0,1,0
"ASV3998",0,0,1,0
"ASV3999",0,0,1,1
"ASV4000",0,0,1,0
"ASV4001",0,0,1,0
"ASV4002",0,0,1,0
"ASV4003",0,0,1,0
"ASV4006",0,0,1,0
"ASV4017",0,0,1,0
"ASV4018",0,0,1,0
"ASV4020",0,1,0,0
"ASV4021",0,1,0,0
"ASV4022",0,1,0,0
"ASV4023",0,1,0,0
"ASV4024",0,1,0,0
"ASV4025",0,1,0,0
"ASV4026",0,1,0,0
"ASV4027",0,1,0,0
"ASV4028",0,1,0,0
"ASV4029",0,1,0,0
"ASV4030",0,1,0,0
"ASV4031",0,1,0,0
"ASV4032",0,1,0,0
"ASV4033",0,1,0,0
"ASV4034",0,1,0,0
"ASV4035",0,1,0,0
"ASV4036",0,1,0,0
"ASV4037",0,1,0,0
"ASV4038",0,1,0,0
"ASV4039",0,1,0,0
"ASV4040",0,1,0,0
"ASV4041",0,1,0,0
"ASV4042",0,1,0,0
"ASV4043",0,1,0,0
"ASV4044",0,1,0,0
"ASV4045",0,1,0,0
"ASV4046",0,1,0,0
"ASV4047",0,1,0,0
"ASV4052",0,0,0,1
"ASV4056",1,0,1,1
"ASV4057",0,0,1,1
"ASV4059",0,0,1,1
"ASV4062",0,0,1,0
"ASV4063",0,0,1,1
"ASV4064",0,0,1,0
"ASV4065",1,0,1,0
"ASV4079",0,0,1,0
"ASV4080",0,0,1,0
"ASV4081",0,0,1,0
"ASV4084",1,0,0,1
"ASV4085",1,0,1,0
"ASV4086",0,0,1,0
"ASV4087",0,0,0,1
"ASV4091",0,0,0,1
"ASV4094",0,0,1,0
"ASV4095",0,0,1,0
"ASV4096",0,0,1,0
"ASV4097",0,0,1,0
"ASV4098",0,0,1,0
"ASV4099",0,0,1,0
"ASV4100",0,0,1,0
"ASV4101",0,0,1,0
"ASV4102",0,1,0,0
"ASV4103",0,1,0,0
"ASV4104",0,1,0,0
"ASV4105",0,1,0,0
"ASV4106",0,1,0,0
"ASV4107",0,1,0,0
"ASV4108",0,1,0,0
"ASV4109",0,1,0,0
"ASV4110",0,1,0,0
"ASV4111",0,1,0,0
"ASV4112",0,1,0,0
"ASV4113",0,1,0,0
"ASV4114",0,1,0,0
"ASV4115",0,1,0,0
"ASV4116",0,1,0,0
"ASV4117",0,1,0,0
"ASV4118",0,1,0,0
"ASV4119",0,1,0,0
"ASV4120",0,1,0,0
"ASV4121",0,1,0,0
"ASV4122",0,1,0,0
"ASV4123",0,1,0,0
"ASV4124",0,1,0,0
"ASV4125",0,1,0,0
"ASV4126",0,1,0,0
"ASV4127",0,1,0,0
"ASV4128",0,1,0,0
"ASV4129",0,1,0,0
"ASV4130",0,1,0,0
"ASV4131",0,1,0,0
"ASV4135",1,0,0,0
"ASV4137",1,0,0,0
"ASV4143",0,0,0,1
"ASV4144",1,0,0,0
"ASV4145",1,0,0,0
"ASV4146",1,0,0,0
"ASV4147",0,0,0,1
"ASV4149",0,0,1,0
"ASV4151",0,0,1,0
"ASV4152",0,0,1,0
"ASV4155",1,0,0,0
"ASV4159",0,0,0,1
"ASV4161",1,0,0,0
"ASV4162",1,0,0,0
"ASV4175",0,0,1,0
"ASV4176",0,0,1,0
"ASV4178",1,0,1,0
"ASV4180",0,0,1,0
"ASV4181",0,0,1,0
"ASV4182",1,0,0,0
"ASV4189",0,0,0,1
"ASV4190",0,0,0,1
"ASV4194",0,0,1,1
"ASV4195",0,0,1,0
"ASV4198",0,0,1,0
"ASV4199",0,0,1,0
"ASV4200",0,0,1,0
"ASV4202",0,0,1,0
"ASV4203",0,0,1,0
"ASV4204",0,0,1,0
"ASV4205",0,1,0,0
"ASV4206",0,1,0,0
"ASV4207",0,1,0,0
"ASV4208",0,1,0,0
"ASV4209",0,1,0,0
"ASV4210",0,1,0,0
"ASV4211",0,1,0,0
"ASV4212",0,1,0,0
"ASV4213",0,1,0,0
"ASV4214",0,1,0,0
"ASV4215",0,1,0,0
"ASV4217",0,1,0,0
"ASV4218",0,1,0,0
"ASV4219",0,1,0,0
"ASV4220",0,1,0,0
"ASV4221",0,1,0,0
"ASV4222",0,1,0,0
"ASV4226",0,0,1,0
"ASV4231",1,0,0,0
"ASV4235",0,0,0,1
"ASV4238",0,0,0,1
"ASV4239",0,0,1,0
"ASV4244",0,0,0,1
"ASV4245",0,0,0,1
"ASV4249",0,0,0,1
"ASV4250",0,0,0,1
"ASV4256",0,0,1,1
"ASV4257",0,0,1,0
"ASV4258",0,0,1,0
"ASV4262",0,0,1,0
"ASV4267",0,0,0,1
"ASV4268",0,0,0,1
"ASV4277",0,0,1,0
"ASV4278",0,0,1,0
"ASV4279",0,0,1,0
"ASV4280",0,0,1,0
"ASV4281",0,0,1,0
"ASV4282",0,0,1,0
"ASV4283",0,0,1,0
"ASV4284",0,0,1,0
"ASV4285",0,1,0,0
"ASV4286",0,1,0,0
"ASV4287",0,1,0,0
"ASV4288",0,1,0,0
"ASV4289",0,1,0,0
"ASV4290",0,1,0,0
"ASV4291",0,1,0,0
"ASV4292",0,1,0,0
"ASV4293",0,1,0,0
"ASV4294",0,1,1,0
"ASV4295",0,1,0,0
"ASV4296",0,1,0,0
"ASV4297",0,1,0,0
"ASV4298",0,1,0,0
"ASV4299",0,1,0,0
"ASV4300",0,1,0,0
"ASV4301",0,1,0,0
"ASV4302",0,1,0,0
"ASV4303",0,1,0,0
"ASV4304",0,1,0,0
"ASV4305",0,1,0,0
"ASV4306",0,1,0,0
"ASV4307",0,1,0,0
"ASV4308",0,1,0,0
"ASV4309",0,1,0,0
"ASV4310",0,1,0,0
"ASV4311",0,1,0,0
"ASV4312",0,1,0,0
"ASV4313",0,1,0,0
"ASV4316",0,0,0,1
"ASV4317",0,0,1,0
"ASV4318",0,0,1,0
"ASV4319",1,0,0,0
"ASV4323",1,0,0,0
"ASV4329",0,0,1,0
"ASV4331",0,0,1,0
"ASV4333",0,0,0,1
"ASV4338",1,0,0,0
"ASV4342",0,0,0,1
"ASV4349",0,0,1,0
"ASV4350",0,0,1,0
"ASV4351",0,0,1,0
"ASV4353",0,0,1,0
"ASV4355",0,0,1,0
"ASV4356",0,0,0,1
"ASV4359",1,0,0,0
"ASV4363",0,0,0,1
"ASV4371",0,0,1,0
"ASV4373",0,0,1,0
"ASV4374",0,0,1,0
"ASV4375",0,0,1,0
"ASV4376",0,0,1,0
"ASV4378",0,0,1,0
"ASV4379",0,0,1,0
"ASV4380",0,0,1,0
"ASV4381",0,0,1,0
"ASV4382",0,0,1,0
"ASV4383",0,0,1,0
"ASV4384",0,0,1,0
"ASV4386",0,1,0,0
"ASV4388",0,1,0,0
"ASV4389",0,1,0,0
"ASV4390",0,1,0,0
"ASV4391",0,1,0,0
"ASV4392",0,1,0,0
"ASV4393",0,1,0,0
"ASV4394",0,1,0,0
"ASV4395",0,1,0,0
"ASV4396",0,1,0,0
"ASV4397",0,1,0,0
"ASV4398",0,1,0,0
"ASV4399",0,1,0,0
"ASV4400",0,1,0,0
"ASV4402",0,1,0,0
"ASV4403",0,1,0,0
"ASV4404",0,1,0,0
"ASV4405",0,1,0,0
"ASV4406",0,1,0,0
"ASV4407",0,1,0,0
"ASV4408",0,1,0,0
"ASV4409",0,1,0,0
"ASV4412",0,0,1,0
"ASV4424",1,0,1,0
"ASV4425",0,0,1,0
"ASV4426",1,0,1,1
"ASV4431",0,0,0,1
"ASV4433",0,0,0,1
"ASV4437",1,0,0,1
"ASV4438",1,0,0,0
"ASV4439",0,0,0,1
"ASV4441",1,0,0,1
"ASV4446",0,0,1,0
"ASV4447",0,0,0,1
"ASV4448",0,0,1,0
"ASV4449",0,0,1,0
"ASV4450",0,0,1,0
"ASV4451",0,0,1,0
"ASV4452",1,0,1,0
"ASV4453",0,0,1,0
"ASV4454",0,0,1,0
"ASV4455",0,0,0,1
"ASV4461",1,0,0,0
"ASV4467",1,0,0,0
"ASV4468",1,0,0,0
"ASV4471",0,0,1,0
"ASV4472",0,0,0,1
"ASV4474",0,0,1,0
"ASV4475",0,0,1,0
"ASV4476",0,0,1,0
"ASV4477",0,0,1,0
"ASV4478",0,0,1,0
"ASV4479",0,0,1,0
"ASV4482",0,0,1,0
"ASV4483",0,0,1,0
"ASV4484",0,0,1,0
"ASV4485",0,0,1,0
"ASV4486",0,0,1,0
"ASV4487",0,1,0,0
"ASV4489",0,1,0,0
"ASV4490",0,1,0,0
"ASV4491",0,1,0,0
"ASV4493",0,1,0,0
"ASV4494",0,1,0,0
"ASV4495",0,1,0,0
"ASV4496",0,1,0,0
"ASV4497",0,1,0,0
"ASV4498",0,1,0,0
"ASV4499",0,1,0,0
"ASV4500",0,1,0,0
"ASV4501",0,1,0,0
"ASV4502",0,1,0,0
"ASV4503",0,1,0,0
"ASV4504",0,1,0,0
"ASV4505",0,1,0,0
"ASV4506",0,1,0,0
"ASV4507",0,1,0,0
"ASV4508",0,1,0,0
"ASV4509",0,1,0,0
"ASV4510",0,1,0,0
"ASV4511",0,1,0,0
"ASV4512",0,1,0,0
"ASV4513",0,1,0,0
"ASV4514",0,1,0,0
"ASV4515",0,1,0,0
"ASV4516",0,1,0,0
"ASV4517",0,1,0,0
"ASV4518",0,1,0,0
"ASV4519",0,1,0,0
"ASV4520",0,1,0,0
"ASV4521",0,1,0,0
"ASV4522",0,1,0,0
"ASV4523",0,1,0,0
"ASV4524",0,1,0,0
"ASV4525",0,1,0,0
"ASV4526",0,1,0,0
"ASV4527",0,1,0,0
"ASV4528",0,1,0,0
"ASV4529",0,1,0,0
"ASV4531",0,0,0,1
"ASV4542",1,0,0,0
"ASV4544",0,0,1,0
"ASV4545",0,0,1,0
"ASV4546",0,0,1,0
"ASV4547",0,0,1,0
"ASV4548",0,0,1,0
"ASV4549",0,0,0,1
"ASV4558",0,0,0,1
"ASV4559",0,0,0,1
"ASV4560",0,0,0,1
"ASV4565",0,0,1,1
"ASV4568",0,0,1,0
"ASV4574",1,0,0,1
"ASV4576",1,0,0,0
"ASV4577",0,0,0,1
"ASV4579",0,0,0,1
"ASV4581",1,0,0,0
"ASV4587",0,0,1,0
"ASV4588",1,0,1,0
"ASV4589",0,0,1,0
"ASV4590",0,0,1,0
"ASV4592",0,0,1,0
"ASV4593",0,0,1,0
"ASV4594",0,0,1,0
"ASV4596",0,0,1,0
"ASV4597",0,0,1,0
"ASV4600",0,0,1,0
"ASV4601",0,0,1,0
"ASV4604",0,1,0,0
"ASV4605",0,1,0,0
"ASV4606",0,1,0,0
"ASV4607",0,1,0,0
"ASV4609",0,1,0,0
"ASV4610",0,1,0,0
"ASV4612",0,1,0,0
"ASV4613",0,1,0,0
"ASV4614",0,1,0,0
"ASV4615",0,1,0,0
"ASV4616",0,1,0,0
"ASV4617",0,1,0,0
"ASV4618",0,1,0,0
"ASV4619",0,1,0,0
"ASV4620",0,1,0,0
"ASV4621",0,1,0,0
"ASV4622",0,1,0,0
"ASV4623",0,1,0,0
"ASV4624",0,1,0,0
"ASV4625",0,1,0,0
"ASV4626",0,1,0,0
"ASV4627",0,1,0,0
"ASV4628",0,1,0,0
"ASV4629",0,1,0,0
"ASV4630",0,1,0,0
"ASV4631",0,1,0,0
"ASV4632",0,1,0,0
"ASV4633",0,1,0,0
"ASV4634",0,1,0,0
"ASV4635",0,1,0,0
"ASV4636",0,1,0,0
"ASV4637",0,1,0,0
"ASV4638",0,1,0,0
"ASV4639",0,1,0,0
"ASV4640",0,1,0,0
"ASV4641",0,1,0,0
"ASV4642",0,1,0,0
"ASV4643",0,1,0,0
"ASV4644",0,1,0,0
"ASV4645",0,1,0,0
"ASV4646",0,1,0,0
"ASV4647",0,1,0,0
"ASV4648",0,1,0,0
"ASV4649",0,1,0,0
"ASV4655",0,0,0,1
"ASV4663",1,0,0,1
"ASV4665",1,0,0,0
"ASV4668",0,0,1,0
"ASV4670",0,0,0,1
"ASV4672",0,0,1,0
"ASV4673",0,0,1,0
"ASV4674",0,0,1,0
"ASV4675",0,0,1,0
"ASV4677",0,0,0,1
"ASV4684",1,0,0,0
"ASV4685",0,0,0,1
"ASV4688",1,0,0,0
"ASV4689",0,0,0,1
"ASV4692",1,0,0,0
"ASV4697",0,0,1,0
"ASV4700",0,0,1,0
"ASV4701",0,0,1,0
"ASV4702",0,0,1,1
"ASV4705",0,0,1,0
"ASV4715",1,0,0,0
"ASV4717",1,0,1,1
"ASV4719",0,0,1,0
"ASV4721",0,0,1,0
"ASV4722",0,0,1,0
"ASV4723",0,0,1,0
"ASV4724",0,0,1,0
"ASV4725",0,0,1,0
"ASV4726",0,0,1,0
"ASV4727",0,0,1,0
"ASV4728",0,0,1,0
"ASV4731",0,0,1,0
"ASV4732",0,1,0,0
"ASV4733",0,1,0,0
"ASV4734",0,1,0,0
"ASV4735",0,1,0,0
"ASV4736",0,1,0,0
"ASV4737",0,1,0,0
"ASV4738",0,1,0,0
"ASV4739",0,1,0,0
"ASV4740",0,1,0,0
"ASV4741",0,1,0,0
"ASV4742",0,1,0,0
"ASV4743",0,1,0,0
"ASV4744",0,1,0,0
"ASV4745",0,1,0,0
"ASV4746",0,1,0,0
"ASV4747",0,1,0,0
"ASV4748",0,1,0,0
"ASV4749",0,1,0,0
"ASV4750",0,1,0,0
"ASV4751",0,1,0,0
"ASV4752",0,1,0,0
"ASV4753",0,1,0,0
"ASV4754",0,1,0,0
"ASV4755",0,1,0,0
"ASV4756",0,1,0,0
"ASV4757",0,1,0,0
"ASV4758",0,1,0,0
"ASV4759",0,1,0,0
"ASV4760",0,1,0,0
"ASV4761",0,1,0,0
"ASV4765",0,0,1,0
"ASV4774",1,0,0,0
"ASV4775",1,0,0,0
"ASV4790",0,0,0,1
"ASV4794",0,0,0,1
"ASV4795",0,0,0,1
"ASV4797",0,0,0,1
"ASV4798",1,0,0,0
"ASV4800",0,0,0,1
"ASV4804",1,0,1,0
"ASV4805",0,0,1,0
"ASV4807",0,0,1,0
"ASV4808",0,0,1,0
"ASV4809",0,0,1,0
"ASV4812",1,0,1,0
"ASV4817",1,0,0,1
"ASV4819",0,0,0,1
"ASV4821",0,0,0,1
"ASV4827",0,0,1,0
"ASV4828",0,0,1,0
"ASV4829",0,0,1,0
"ASV4830",0,0,1,0
"ASV4831",0,0,1,0
"ASV4832",0,0,1,0
"ASV4833",0,0,1,0
"ASV4834",0,0,1,0
"ASV4838",0,0,1,0
"ASV4839",0,0,1,0
"ASV4840",0,0,1,0
"ASV4841",0,0,1,0
"ASV4842",0,0,1,0
"ASV4843",0,0,1,0
"ASV4844",0,0,1,0
"ASV4845",0,0,1,0
"ASV4847",0,1,0,0
"ASV4848",0,1,0,0
"ASV4849",0,1,0,0
"ASV4850",0,1,0,0
"ASV4851",0,1,0,0
"ASV4852",0,1,0,0
"ASV4853",0,1,0,0
"ASV4854",0,1,0,0
"ASV4855",0,1,0,0
"ASV4856",0,1,0,0
"ASV4857",0,1,0,0
"ASV4858",0,1,0,0
"ASV4859",0,1,0,0
"ASV4860",0,1,0,0
"ASV4861",0,1,0,0
"ASV4862",0,1,0,0
"ASV4863",0,1,0,0
"ASV4864",0,1,0,0
"ASV4865",0,1,0,0
"ASV4866",0,1,0,0
"ASV4867",0,1,0,0
"ASV4868",0,1,0,0
"ASV4869",0,1,0,0
"ASV4870",0,1,0,0
"ASV4871",0,1,0,0
"ASV4872",0,1,0,0
"ASV4873",0,1,0,0
"ASV4874",0,1,0,0
"ASV4875",0,1,0,0
"ASV4876",0,1,0,0
"ASV4877",0,1,0,0
"ASV4878",0,1,0,0
"ASV4879",0,1,0,0
"ASV4880",0,1,0,0
"ASV4881",0,1,0,0
"ASV4882",0,1,0,0
"ASV4883",0,1,0,0
"ASV4884",0,1,0,0
"ASV4885",0,1,0,0
"ASV4886",0,1,0,0
"ASV4887",0,1,0,0
"ASV4888",0,1,0,0
"ASV4889",0,1,0,0
"ASV4904",0,0,0,1
"ASV4905",0,0,0,1
"ASV4907",1,0,0,1
"ASV4908",0,0,0,1
"ASV4909",1,0,0,0
"ASV4917",0,0,1,0
"ASV4922",0,0,0,1
"ASV4924",0,0,0,1
"ASV4925",0,0,0,1
"ASV4927",0,0,0,1
"ASV4936",0,0,1,0
"ASV4937",0,0,0,1
"ASV4940",0,0,1,1
"ASV4942",1,0,1,0
"ASV4943",0,0,1,0
"ASV4944",0,0,1,0
"ASV4945",0,0,1,0
"ASV4946",0,0,1,0
"ASV4947",0,0,1,0
"ASV4951",1,0,1,0
"ASV4952",0,0,1,0
"ASV4953",0,0,0,1
"ASV4957",1,0,0,0
"ASV4959",0,0,0,1
"ASV4960",1,0,0,1
"ASV4966",0,0,1,0
"ASV4967",0,0,0,1
"ASV4968",0,0,1,0
"ASV4969",0,0,1,0
"ASV4971",0,0,1,0
"ASV4973",0,0,1,0
"ASV4974",0,0,1,0
"ASV4976",0,1,0,0
"ASV4978",0,1,0,0
"ASV4979",0,1,0,0
"ASV4981",0,1,0,0
"ASV4982",0,1,0,0
"ASV4983",0,1,0,0
"ASV4984",0,1,0,0
"ASV4985",0,1,0,0
"ASV4986",0,1,0,0
"ASV4987",0,1,0,0
"ASV4988",0,1,0,0
"ASV4989",0,1,0,0
"ASV4990",0,1,0,0
"ASV4991",0,1,0,0
"ASV4992",0,1,0,0
"ASV4993",0,1,0,0
"ASV4994",0,1,0,0
"ASV4995",0,1,0,0
"ASV4996",0,1,0,0
"ASV4997",0,1,0,0
"ASV4998",0,1,0,0
"ASV4999",0,1,0,0
"ASV5000",0,1,0,0
"ASV5001",0,1,0,0
"ASV5002",0,1,0,0
"ASV5003",0,1,0,0
"ASV5004",0,1,0,0
"ASV5005",0,1,0,0
"ASV5006",0,1,0,0
"ASV5007",0,1,0,0
"ASV5008",0,1,0,0
"ASV5009",0,1,0,0
"ASV5010",0,1,0,0
"ASV5011",0,1,0,0
"ASV5012",0,1,0,0
"ASV5013",0,1,0,0
"ASV5014",0,1,0,0
"ASV5015",0,1,0,0
"ASV5026",1,0,0,1
"ASV5031",0,0,0,1
"ASV5038",1,0,1,1
"ASV5042",0,0,1,0
"ASV5044",0,0,1,0
"ASV5049",0,0,0,1
"ASV5059",0,0,0,1
"ASV5060",0,0,0,1
"ASV5063",0,0,0,1
"ASV5076",0,0,1,0
"ASV5077",0,0,1,0
"ASV5082",1,0,0,1
"ASV5083",1,0,0,0
"ASV5084",0,0,0,1
"ASV5087",1,0,0,0
"ASV5093",0,0,1,0
"ASV5094",0,0,1,0
"ASV5096",1,0,1,0
"ASV5097",0,0,1,0
"ASV5098",0,0,1,0
"ASV5099",0,0,1,0
"ASV5100",0,0,1,0
"ASV5102",0,0,1,0
"ASV5103",0,0,1,0
"ASV5104",0,0,1,0
"ASV5107",0,0,1,0
"ASV5108",0,0,1,0
"ASV5109",0,0,1,0
"ASV5110",0,0,1,0
"ASV5111",0,0,1,0
"ASV5112",0,0,1,0
"ASV5113",0,0,1,0
"ASV5116",0,1,0,0
"ASV5117",0,1,0,0
"ASV5118",0,1,0,0
"ASV5120",0,1,0,0
"ASV5122",0,1,0,0
"ASV5123",0,1,0,0
"ASV5124",0,1,0,0
"ASV5125",0,1,0,0
"ASV5126",0,1,0,0
"ASV5127",0,1,0,0
"ASV5128",0,1,0,0
"ASV5129",0,1,0,0
"ASV5130",0,1,0,0
"ASV5131",0,1,0,0
"ASV5132",0,1,0,0
"ASV5133",0,1,0,0
"ASV5134",0,1,0,0
"ASV5135",0,1,0,0
"ASV5136",0,1,0,0
"ASV5137",0,1,0,0
"ASV5138",0,1,0,0
"ASV5139",0,1,0,0
"ASV5140",0,1,0,0
"ASV5141",0,1,0,0
"ASV5142",0,1,0,0
"ASV5143",0,1,0,0
"ASV5144",0,1,0,0
"ASV5145",0,1,0,0
"ASV5146",0,1,0,0
"ASV5147",0,1,0,0
"ASV5148",0,1,0,0
"ASV5150",0,1,0,0
"ASV5151",0,1,0,0
"ASV5152",0,1,0,0
"ASV5153",0,1,0,0
"ASV5154",0,1,0,0
"ASV5155",0,1,0,0
"ASV5156",0,1,0,0
"ASV5157",0,1,0,0
"ASV5158",0,1,0,0
"ASV5159",0,1,0,0
"ASV5160",0,1,0,0
"ASV5161",0,1,0,0
"ASV5162",0,1,0,0
"ASV5163",0,1,0,0
"ASV5164",0,1,0,0
"ASV5165",0,1,0,0
"ASV5166",0,1,0,0
"ASV5167",0,1,0,0
"ASV5168",0,1,0,0
"ASV5169",0,1,0,0
"ASV5170",0,1,0,0
"ASV5172",0,0,1,0
"ASV5173",0,0,1,1
"ASV5181",1,0,0,0
"ASV5184",1,0,0,1
"ASV5187",1,0,0,1
"ASV5188",0,0,0,1
"ASV5190",0,0,0,1
"ASV5196",0,0,1,0
"ASV5198",0,0,1,0
"ASV5200",0,0,1,0
"ASV5202",0,0,1,0
"ASV5203",0,0,0,1
"ASV5209",1,0,0,0
"ASV5213",1,0,0,0
"ASV5215",0,0,0,1
"ASV5224",0,0,1,1
"ASV5227",0,0,1,0
"ASV5229",0,0,1,0
"ASV5230",0,0,1,0
"ASV5234",0,0,1,0
"ASV5240",0,0,0,1
"ASV5241",1,0,0,1
"ASV5253",0,0,1,0
"ASV5254",0,0,1,0
"ASV5255",0,0,1,0
"ASV5257",0,0,1,0
"ASV5258",0,0,1,0
"ASV5259",0,0,1,0
"ASV5260",0,0,1,0
"ASV5261",0,0,1,0
"ASV5267",0,0,1,0
"ASV5268",0,0,1,0
"ASV5269",0,0,1,0
"ASV5270",0,0,1,0
"ASV5271",0,0,1,0
"ASV5273",0,1,0,0
"ASV5274",0,1,0,0
"ASV5275",0,1,0,0
"ASV5276",0,1,0,0
"ASV5277",0,1,0,0
"ASV5278",0,1,0,0
"ASV5279",0,1,0,0
"ASV5280",0,1,0,0
"ASV5281",0,1,0,0
"ASV5282",0,1,0,0
"ASV5283",0,1,0,0
"ASV5284",0,1,0,0
"ASV5285",0,1,0,0
"ASV5286",0,1,0,0
"ASV5287",0,1,0,0
"ASV5288",0,1,0,0
"ASV5289",0,1,0,0
"ASV5290",0,1,0,0
"ASV5291",0,1,0,0
"ASV5292",0,1,0,0
"ASV5293",0,1,0,0
"ASV5294",0,1,0,0
"ASV5295",0,1,0,0
"ASV5296",0,1,0,0
"ASV5297",0,1,0,0
"ASV5298",0,1,0,0
"ASV5299",0,1,0,0
"ASV5300",0,1,0,0
"ASV5301",0,1,0,0
"ASV5302",0,1,0,0
"ASV5303",0,1,0,0
"ASV5304",0,1,0,0
"ASV5305",0,1,0,0
"ASV5306",0,1,0,0
"ASV5307",0,1,0,0
"ASV5308",0,1,0,0
"ASV5309",0,1,0,0
"ASV5310",0,1,0,0
"ASV5311",0,1,0,0
"ASV5312",0,1,0,0
"ASV5313",0,1,0,0
"ASV5314",0,1,0,0
"ASV5315",0,1,0,0
"ASV5316",0,1,0,0
"ASV5317",0,1,0,0
"ASV5318",0,1,0,0
"ASV5319",0,1,0,0
"ASV5323",0,0,1,0
"ASV5344",0,0,1,0
"ASV5346",0,0,1,0
"ASV5348",0,0,1,0
"ASV5351",0,0,0,1
"ASV5362",1,0,0,0
"ASV5363",0,0,0,1
"ASV5365",0,0,0,1
"ASV5366",0,0,0,1
"ASV5369",0,0,0,1
"ASV5370",0,0,0,1
"ASV5371",0,0,0,1
"ASV5372",1,0,0,1
"ASV5379",1,0,0,0
"ASV5380",0,0,0,1
"ASV5401",0,0,1,0
"ASV5406",0,0,1,0
"ASV5407",0,0,1,0
"ASV5410",0,0,1,0
"ASV5413",1,0,0,0
"ASV5415",1,0,0,0
"ASV5418",1,0,0,0
"ASV5420",1,0,0,0
"ASV5424",0,0,0,1
"ASV5430",0,0,1,0
"ASV5431",0,0,1,0
"ASV5433",0,0,0,1
"ASV5435",0,0,1,0
"ASV5436",0,0,1,0
"ASV5437",0,0,1,0
"ASV5438",0,0,1,0
"ASV5439",0,0,1,0
"ASV5440",0,0,1,0
"ASV5441",0,0,1,0
"ASV5445",0,0,1,0
"ASV5447",0,1,0,0
"ASV5448",0,1,0,0
"ASV5449",0,1,0,0
"ASV5450",0,1,0,0
"ASV5451",0,1,0,0
"ASV5452",0,1,0,0
"ASV5453",0,1,0,0
"ASV5454",0,1,0,0
"ASV5455",0,1,0,0
"ASV5456",0,1,0,0
"ASV5457",0,1,0,0
"ASV5458",0,1,0,0
"ASV5459",0,1,0,0
"ASV5460",0,1,0,0
"ASV5461",0,1,0,0
"ASV5462",0,1,0,0
"ASV5463",0,1,0,0
"ASV5464",0,1,0,0
"ASV5465",0,1,0,0
"ASV5466",0,1,0,0
"ASV5467",0,1,0,0
"ASV5468",0,1,0,0
"ASV5469",0,1,0,0
"ASV5470",0,1,0,0
"ASV5471",0,1,0,0
"ASV5472",0,1,0,0
"ASV5473",0,1,0,0
"ASV5474",0,1,0,0
"ASV5475",0,1,0,0
"ASV5476",0,1,0,0
"ASV5477",0,1,0,0
"ASV5478",0,1,0,0
"ASV5479",0,1,0,0
"ASV5480",0,1,0,0
"ASV5481",0,1,0,0
"ASV5482",0,1,0,0
"ASV5483",0,1,0,0
"ASV5484",0,1,0,0
"ASV5485",0,1,0,0
"ASV5486",0,1,0,0
"ASV5487",0,1,0,0
"ASV5488",0,1,0,0
"ASV5489",0,1,0,0
"ASV5490",0,1,0,0
"ASV5491",0,1,0,0
"ASV5492",0,1,0,0
"ASV5493",0,1,0,0
"ASV5494",0,1,0,0
"ASV5495",0,1,0,0
"ASV5497",0,1,0,0
"ASV5498",0,1,0,0
"ASV5500",1,0,0,1
"ASV5502",1,0,0,0
"ASV5519",1,0,0,1
"ASV5521",0,0,0,1
"ASV5529",0,0,0,1
"ASV5530",1,0,1,0
"ASV5532",0,0,0,1
"ASV5534",1,0,1,0
"ASV5537",0,0,1,0
"ASV5539",0,0,1,0
"ASV5553",0,0,0,1
"ASV5554",0,0,0,1
"ASV5556",1,0,0,0
"ASV5559",1,0,0,0
"ASV5567",0,0,1,0
"ASV5570",1,0,1,0
"ASV5571",0,0,1,0
"ASV5572",0,0,1,0
"ASV5574",0,0,1,0
"ASV5578",0,0,0,1
"ASV5591",0,0,0,1
"ASV5596",0,0,1,0
"ASV5598",1,0,1,0
"ASV5599",0,0,1,0
"ASV5600",0,0,1,0
"ASV5601",0,0,1,0
"ASV5602",0,0,1,0
"ASV5603",0,0,1,0
"ASV5604",0,0,1,0
"ASV5605",0,0,1,0
"ASV5606",0,0,1,0
"ASV5607",0,0,1,0
"ASV5608",0,0,1,0
"ASV5609",0,0,1,0
"ASV5610",0,0,1,0
"ASV5611",0,0,1,0
"ASV5612",0,0,1,0
"ASV5613",0,0,1,0
"ASV5616",0,0,1,0
"ASV5617",0,0,1,0
"ASV5618",0,0,1,0
"ASV5619",0,0,1,0
"ASV5621",0,0,1,0
"ASV5622",0,0,1,0
"ASV5624",0,1,0,0
"ASV5626",0,1,0,0
"ASV5627",0,1,0,0
"ASV5628",0,1,0,0
"ASV5629",0,1,0,0
"ASV5630",0,1,0,0
"ASV5631",0,1,0,0
"ASV5632",0,1,0,0
"ASV5633",0,1,0,0
"ASV5634",0,1,0,0
"ASV5635",0,1,0,0
"ASV5636",0,1,0,0
"ASV5637",0,1,0,0
"ASV5638",0,1,0,0
"ASV5639",0,1,0,0
"ASV5640",0,1,0,0
"ASV5641",0,1,0,0
"ASV5642",0,1,0,0
"ASV5643",0,1,0,0
"ASV5644",0,1,0,0
"ASV5645",0,1,0,0
"ASV5646",0,1,0,0
"ASV5647",0,1,0,0
"ASV5648",0,1,0,0
"ASV5649",0,1,0,0
"ASV5650",0,1,0,0
"ASV5651",0,1,0,0
"ASV5652",0,1,0,0
"ASV5653",0,1,0,0
"ASV5654",0,1,0,0
"ASV5655",0,1,0,0
"ASV5656",0,1,0,0
"ASV5657",0,1,0,0
"ASV5658",0,1,0,0
"ASV5659",0,1,0,0
"ASV5660",0,1,0,0
"ASV5661",0,1,0,0
"ASV5662",0,1,0,0
"ASV5663",0,1,0,0
"ASV5664",0,1,0,0
"ASV5665",0,1,0,0
"ASV5666",0,1,0,0
"ASV5667",0,1,0,0
"ASV5668",0,1,0,0
"ASV5669",0,1,0,0
"ASV5670",0,1,0,0
"ASV5671",0,1,0,0
"ASV5672",0,1,0,0
"ASV5673",0,1,0,0
"ASV5699",0,0,0,1
"ASV5700",0,0,0,1
"ASV5704",1,0,0,0
"ASV5711",0,0,1,0
"ASV5714",1,0,1,0
"ASV5715",0,0,1,0
"ASV5716",0,0,1,0
"ASV5717",0,0,1,0
"ASV5718",0,0,1,0
"ASV5722",1,0,0,0
"ASV5728",0,0,0,1
"ASV5731",1,0,0,1
"ASV5733",0,0,0,1
"ASV5734",0,0,0,1
"ASV5735",0,0,0,1
"ASV5741",0,0,0,1
"ASV5744",0,0,0,1
"ASV5755",0,0,1,0
"ASV5758",0,0,1,0
"ASV5761",0,0,1,0
"ASV5774",1,0,0,1
"ASV5777",1,0,0,0
"ASV5778",1,0,0,0
"ASV5784",1,0,0,0
"ASV5797",0,0,1,0
"ASV5798",0,0,1,0
"ASV5799",0,0,1,0
"ASV5800",0,0,1,0
"ASV5801",0,0,1,0
"ASV5802",0,0,1,0
"ASV5804",0,0,1,0
"ASV5805",0,0,1,0
"ASV5806",0,0,1,0
"ASV5807",0,0,1,0
"ASV5808",0,0,1,0
"ASV5809",0,0,1,0
"ASV5810",0,0,1,0
"ASV5811",0,0,1,0
"ASV5814",0,0,1,0
"ASV5815",0,0,1,0
"ASV5816",0,0,1,0
"ASV5817",0,0,1,0
"ASV5818",0,0,1,0
"ASV5819",0,0,1,0
"ASV5820",0,0,1,0
"ASV5821",0,0,1,0
"ASV5822",0,1,0,0
"ASV5823",0,1,0,0
"ASV5824",0,1,0,0
"ASV5825",0,1,0,0
"ASV5826",0,1,0,0
"ASV5827",0,1,0,0
"ASV5828",0,1,0,0
"ASV5829",0,1,0,0
"ASV5830",0,1,0,0
"ASV5831",0,1,0,0
"ASV5832",0,1,0,0
"ASV5833",0,1,0,0
"ASV5834",0,1,0,0
"ASV5835",0,1,0,0
"ASV5836",0,1,0,0
"ASV5837",0,1,0,0
"ASV5838",0,1,0,0
"ASV5839",0,1,0,0
"ASV5840",0,1,0,0
"ASV5841",0,1,0,0
"ASV5842",0,1,0,0
"ASV5843",0,1,0,0
"ASV5844",0,1,0,0
"ASV5845",0,1,0,0
"ASV5846",0,1,0,0
"ASV5847",0,1,0,0
"ASV5848",0,1,0,0
"ASV5849",0,1,0,0
"ASV5850",0,1,0,0
"ASV5851",0,1,0,0
"ASV5852",0,1,0,0
"ASV5853",0,1,0,0
"ASV5854",0,1,0,0
"ASV5855",0,1,0,0
"ASV5856",0,1,0,0
"ASV5857",0,1,0,0
"ASV5858",0,1,0,0
"ASV5859",0,1,0,0
"ASV5860",0,1,0,0
"ASV5861",0,1,0,0
"ASV5862",0,1,0,0
"ASV5863",0,1,0,0
"ASV5864",0,1,0,0
"ASV5865",0,1,0,0
"ASV5866",0,1,0,0
"ASV5867",0,1,0,0
"ASV5868",0,1,0,0
"ASV5873",0,0,1,0
"ASV5874",0,0,1,0
"ASV5878",1,0,0,0
"ASV5904",0,0,0,1
"ASV5906",1,0,0,1
"ASV5907",0,0,0,1
"ASV5919",0,0,1,0
"ASV5933",1,0,0,0
"ASV5934",1,0,0,1
"ASV5935",0,0,0,1
"ASV5940",1,0,0,0
"ASV5941",0,0,0,1
"ASV5943",0,0,0,1
"ASV5944",1,0,0,0
"ASV5945",1,0,0,0
"ASV5947",0,0,0,1
"ASV5969",0,0,1,0
"ASV5971",0,0,1,0
"ASV5973",0,0,1,0
"ASV5974",0,0,1,0
"ASV5981",0,0,1,0
"ASV5987",0,0,0,1
"ASV5988",0,0,0,1
"ASV5990",1,0,0,0
"ASV5991",1,0,0,1
"ASV5992",0,0,0,1
"ASV6010",0,0,1,0
"ASV6011",0,0,1,0
"ASV6012",0,0,1,0
"ASV6013",0,0,1,0
"ASV6014",0,0,1,0
"ASV6015",0,0,1,0
"ASV6018",0,0,1,0
"ASV6019",0,0,1,0
"ASV6020",0,0,1,0
"ASV6021",0,0,1,0
"ASV6022",0,0,1,0
"ASV6023",0,0,1,0
"ASV6024",0,0,1,0
"ASV6025",0,0,1,0
"ASV6027",0,0,1,0
"ASV6028",0,0,1,0
"ASV6029",0,0,1,0
"ASV6030",0,0,1,0
"ASV6031",0,0,1,0
"ASV6032",0,0,1,0
"ASV6033",0,0,1,0
"ASV6034",0,0,1,0
"ASV6035",0,0,1,0
"ASV6036",0,0,1,0
"ASV6037",0,0,1,0
"ASV6038",0,0,1,0
"ASV6039",0,0,1,0
"ASV6040",0,0,1,0
"ASV6041",0,0,1,0
"ASV6042",0,0,1,0
"ASV6049",0,1,0,0
"ASV6050",0,1,0,0
"ASV6051",0,1,0,0
"ASV6052",0,1,0,0
"ASV6053",0,1,0,0
"ASV6054",0,1,0,0
"ASV6055",0,1,0,0
"ASV6057",0,1,0,0
"ASV6058",0,1,0,0
"ASV6059",0,1,0,0
"ASV6060",0,1,0,0
"ASV6061",0,1,0,0
"ASV6062",0,1,0,0
"ASV6063",0,1,0,0
"ASV6064",0,1,0,0
"ASV6065",0,1,0,0
"ASV6066",0,1,0,0
"ASV6067",0,1,0,0
"ASV6068",0,1,0,0
"ASV6069",0,1,0,0
"ASV6070",0,1,0,0
"ASV6071",0,1,0,0
"ASV6072",0,1,0,0
"ASV6073",0,1,0,0
"ASV6074",0,1,0,0
"ASV6075",0,1,0,0
"ASV6076",0,1,0,0
"ASV6077",0,1,0,0
"ASV6078",0,1,0,0
"ASV6079",0,1,0,0
"ASV6080",0,1,0,0
"ASV6081",0,1,0,0
"ASV6082",0,1,0,0
"ASV6083",0,1,0,0
"ASV6084",0,1,0,0
"ASV6085",0,1,0,0
"ASV6086",0,1,0,0
"ASV6087",0,1,0,0
"ASV6088",0,1,0,0
"ASV6089",0,1,0,0
"ASV6090",0,1,0,0
"ASV6091",0,1,0,0
"ASV6092",0,1,0,0
"ASV6093",0,1,0,0
"ASV6094",0,1,0,0
"ASV6095",0,1,0,0
"ASV6096",0,1,0,0
"ASV6097",0,1,0,0
"ASV6098",0,1,0,0
"ASV6099",0,1,0,0
"ASV6100",0,1,0,0
"ASV6101",0,1,0,0
"ASV6102",0,1,0,0
"ASV6103",0,1,0,0
"ASV6104",0,1,0,0
"ASV6105",0,1,0,0
"ASV6106",0,1,0,0
"ASV6107",0,1,0,0
"ASV6108",0,1,0,0
"ASV6110",1,0,0,0
"ASV6112",0,0,1,1
"ASV6113",0,0,1,0
"ASV6136",0,0,0,1
"ASV6137",1,0,0,1
"ASV6158",0,0,1,0
"ASV6164",0,0,0,1
"ASV6180",1,0,0,1
"ASV6181",0,0,0,1
"ASV6184",0,0,0,1
"ASV6185",0,0,0,1
"ASV6186",0,0,0,1
"ASV6188",1,0,0,0
"ASV6189",0,0,0,1
"ASV6209",0,0,1,0
"ASV6210",0,0,1,0
"ASV6212",1,0,0,0
"ASV6213",0,0,1,1
"ASV6214",0,0,1,0
"ASV6221",0,0,0,1
"ASV6224",0,0,0,1
"ASV6231",0,0,0,1
"ASV6233",0,0,0,1
"ASV6238",1,0,0,0
"ASV6242",0,0,0,1
"ASV6243",0,0,0,1
"ASV6252",1,0,0,0
"ASV6253",0,0,0,1
"ASV6267",1,0,1,0
"ASV6268",0,0,1,0
"ASV6269",1,0,1,0
"ASV6271",0,0,1,0
"ASV6272",0,0,1,0
"ASV6273",0,0,1,0
"ASV6274",0,0,1,0
"ASV6275",0,0,1,0
"ASV6276",0,0,1,0
"ASV6277",0,0,1,0
"ASV6278",0,0,1,0
"ASV6283",0,0,1,0
"ASV6284",0,0,1,0
"ASV6285",0,0,1,0
"ASV6286",0,0,1,0
"ASV6287",0,0,1,0
"ASV6288",0,0,1,0
"ASV6289",0,0,1,0
"ASV6290",0,0,1,0
"ASV6291",0,0,1,0
"ASV6292",0,0,1,0
"ASV6293",0,0,1,0
"ASV6294",0,0,1,0
"ASV6295",0,0,1,0
"ASV6298",0,0,1,0
"ASV6299",0,0,1,0
"ASV6300",0,0,1,0
"ASV6301",0,0,1,0
"ASV6302",0,0,1,0
"ASV6303",0,0,1,0
"ASV6304",0,0,1,0
"ASV6305",0,0,1,0
"ASV6306",0,0,1,0
"ASV6307",0,0,1,0
"ASV6308",0,0,1,0
"ASV6310",0,1,0,0
"ASV6311",0,1,0,0
"ASV6312",0,1,0,0
"ASV6313",0,1,0,0
"ASV6314",0,1,0,0
"ASV6315",0,1,0,0
"ASV6316",0,1,0,0
"ASV6317",0,1,0,0
"ASV6318",0,1,0,0
"ASV6320",0,1,0,0
"ASV6321",0,1,0,0
"ASV6322",0,1,0,0
"ASV6323",0,1,0,0
"ASV6324",0,1,0,0
"ASV6325",0,1,0,0
"ASV6326",0,1,0,0
"ASV6327",0,1,0,0
"ASV6328",0,1,0,0
"ASV6329",0,1,0,0
"ASV6330",0,1,0,0
"ASV6331",0,1,0,0
"ASV6332",0,1,0,0
"ASV6333",0,1,0,0
"ASV6334",0,1,0,0
"ASV6335",0,1,0,0
"ASV6336",0,1,0,0
"ASV6337",0,1,0,0
"ASV6338",0,1,0,0
"ASV6339",0,1,0,0
"ASV6340",0,1,0,0
"ASV6341",0,1,0,0
"ASV6342",0,1,0,0
"ASV6343",0,1,0,0
"ASV6345",0,1,0,0
"ASV6346",0,1,0,0
"ASV6347",0,1,0,0
"ASV6348",0,1,0,0
"ASV6349",0,1,0,0
"ASV6350",0,1,0,0
"ASV6351",0,1,0,0
"ASV6352",0,1,0,0
"ASV6353",0,1,0,0
"ASV6354",0,1,0,0
"ASV6355",0,1,0,0
"ASV6356",0,1,0,0
"ASV6357",0,1,0,0
"ASV6358",0,1,0,0
"ASV6359",0,1,0,0
"ASV6360",0,1,0,0
"ASV6361",0,1,0,0
"ASV6362",0,1,0,0
"ASV6363",0,1,0,0
"ASV6364",0,1,0,0
"ASV6365",0,1,0,0
"ASV6366",0,1,0,0
"ASV6367",0,1,0,0
"ASV6368",0,1,0,0
"ASV6369",0,1,0,0
"ASV6370",0,1,0,0
"ASV6371",0,1,0,0
"ASV6372",0,1,0,0
"ASV6373",0,1,0,0
"ASV6374",0,1,0,0
"ASV6379",1,0,0,0
"ASV6405",1,0,0,0
"ASV6413",0,0,0,1
"ASV6425",0,0,1,0
"ASV6428",0,0,1,0
"ASV6430",0,0,1,0
"ASV6432",0,0,1,0
"ASV6457",0,0,0,1
"ASV6460",1,0,0,0
"ASV6462",1,0,0,0
"ASV6463",0,0,0,1
"ASV6464",1,0,0,0
"ASV6471",0,0,0,1
"ASV6472",0,0,0,1
"ASV6475",0,0,0,1
"ASV6509",0,0,1,0
"ASV6511",0,0,1,1
"ASV6518",0,0,1,0
"ASV6531",0,0,0,1
"ASV6532",1,0,0,1
"ASV6552",0,0,1,0
"ASV6555",0,0,1,0
"ASV6556",0,0,1,0
"ASV6557",0,0,1,0
"ASV6558",0,0,1,0
"ASV6559",0,0,1,0
"ASV6560",0,0,1,0
"ASV6562",0,0,1,0
"ASV6563",0,0,1,0
"ASV6564",0,0,1,0
"ASV6565",0,0,1,0
"ASV6566",0,0,1,0
"ASV6567",0,0,1,0
"ASV6568",0,0,1,0
"ASV6569",0,0,1,0
"ASV6570",0,0,1,0
"ASV6571",0,0,1,0
"ASV6572",0,0,1,0
"ASV6573",0,0,1,0
"ASV6574",0,0,1,0
"ASV6575",0,0,1,0
"ASV6577",0,0,1,0
"ASV6578",0,0,1,0
"ASV6580",0,0,1,0
"ASV6581",0,0,1,0
"ASV6582",0,0,1,0
"ASV6583",0,0,1,0
"ASV6584",0,0,1,0
"ASV6585",0,0,1,0
"ASV6586",0,0,1,0
"ASV6589",0,1,0,0
"ASV6590",0,1,0,0
"ASV6591",0,1,0,0
"ASV6592",0,1,0,0
"ASV6593",0,1,0,0
"ASV6594",0,1,0,0
"ASV6595",0,1,0,0
"ASV6596",0,1,0,0
"ASV6597",0,1,0,0
"ASV6598",0,1,0,0
"ASV6599",0,1,0,0
"ASV6600",0,1,0,0
"ASV6601",0,1,0,0
"ASV6602",0,1,0,0
"ASV6603",0,1,0,0
"ASV6604",0,1,0,0
"ASV6605",0,1,0,0
"ASV6606",0,1,0,0
"ASV6607",0,1,0,0
"ASV6608",0,1,0,0
"ASV6609",0,1,0,0
"ASV6610",0,1,0,0
"ASV6611",0,1,0,0
"ASV6612",0,1,0,0
"ASV6613",0,1,0,0
"ASV6614",0,1,0,0
"ASV6615",0,1,0,0
"ASV6616",0,1,0,0
"ASV6617",0,1,0,0
"ASV6618",0,1,0,0
"ASV6619",0,1,0,0
"ASV6620",0,1,0,0
"ASV6621",0,1,0,0
"ASV6622",0,1,0,0
"ASV6623",0,1,0,0
"ASV6624",0,1,0,0
"ASV6625",0,1,0,0
"ASV6626",0,1,0,0
"ASV6627",0,1,0,0
"ASV6628",0,1,0,0
"ASV6629",0,1,0,0
"ASV6630",0,1,0,0
"ASV6631",0,1,0,0
"ASV6632",0,1,0,0
"ASV6633",0,1,0,0
"ASV6634",0,1,0,0
"ASV6635",0,1,0,0
"ASV6636",0,1,0,0
"ASV6637",0,1,0,0
"ASV6638",0,1,0,0
"ASV6639",0,1,0,0
"ASV6640",0,1,0,0
"ASV6641",0,1,0,0
"ASV6642",0,1,0,0
"ASV6643",0,1,0,0
"ASV6644",0,1,0,0
"ASV6645",0,1,0,0
"ASV6646",0,1,0,0
"ASV6647",0,1,0,0
"ASV6648",0,1,0,0
"ASV6649",0,1,0,0
"ASV6650",0,1,0,0
"ASV6651",0,1,0,0
"ASV6656",0,0,0,1
"ASV6657",0,0,0,1
"ASV6661",0,0,1,0
"ASV6667",0,0,0,1
"ASV6674",0,0,0,1
"ASV6687",1,0,0,0
"ASV6689",0,0,0,1
"ASV6690",1,0,0,0
"ASV6700",0,0,0,1
"ASV6701",0,0,0,1
"ASV6702",0,0,0,1
"ASV6716",0,0,1,0
"ASV6719",0,0,1,0
"ASV6720",1,0,1,1
"ASV6724",1,0,1,0
"ASV6740",0,0,0,1
"ASV6741",1,0,0,0
"ASV6745",0,0,0,1
"ASV6756",0,0,0,1
"ASV6761",0,0,0,1
"ASV6765",0,0,0,1
"ASV6768",0,0,0,1
"ASV6770",1,0,0,0
"ASV6771",0,0,0,1
"ASV6772",0,0,0,1
"ASV6774",1,0,0,0
"ASV6775",0,0,0,1
"ASV6776",0,0,0,1
"ASV6806",0,0,1,1
"ASV6818",0,0,0,1
"ASV6825",0,0,0,1
"ASV6826",0,0,0,1
"ASV6827",1,0,0,0
"ASV6840",0,0,1,0
"ASV6841",0,0,1,0
"ASV6842",0,0,1,0
"ASV6843",0,0,1,0
"ASV6844",0,0,1,0
"ASV6845",0,0,1,0
"ASV6846",0,0,1,0
"ASV6847",0,0,1,0
"ASV6848",0,0,1,0
"ASV6849",0,0,1,0
"ASV6850",0,0,1,0
"ASV6851",0,0,1,0
"ASV6852",0,0,1,0
"ASV6855",0,0,1,0
"ASV6856",0,0,1,0
"ASV6857",0,0,1,0
"ASV6858",0,0,1,0
"ASV6859",0,0,1,0
"ASV6860",0,0,1,0
"ASV6861",0,0,1,0
"ASV6862",0,0,1,0
"ASV6863",0,0,1,0
"ASV6864",0,0,1,0
"ASV6865",0,0,1,0
"ASV6866",0,0,1,0
"ASV6872",0,0,1,0
"ASV6873",0,0,1,0
"ASV6874",0,0,1,0
"ASV6875",0,0,1,0
"ASV6876",0,0,1,0
"ASV6877",0,0,1,0
"ASV6878",0,0,1,0
"ASV6879",0,0,1,0
"ASV6880",0,0,1,0
"ASV6881",0,0,1,0
"ASV6882",0,0,1,0
